[Licensing::Module] Trying to connect to existing licensing client channel...
Built from '6000.4/staging' branch; Version is '6000.4.4f1 (360f97ecca93) revision 3542935'; Using compiler version '194234433'; Build Type 'Release'
[Licensing::IpcConnector] Successfully connected to: "LicenseClient-User" at "2026-04-27T12:47:16.9362386Z"
OS: 'Windows 11  (10.0.26200) CoreSingleLanguage' Language: 'ru' Physical Memory: 15614 MB
BatchMode: 1, IsHumanControllingUs: 0, StartBugReporterOnCrash: 0, Is64bit: 1
System  architecture: x64
Process architecture: x64
Date: 2026-04-27T12:47:16Z

COMMAND LINE ARGUMENTS:
C:\Program Files\Unity\Hub\Editor\6000.4.4f1\Editor\Unity.exe
-adb2
-batchMode
-noUpm
-name
AssetImportWorker3
-projectPath
C:/Users/User/The Pusher
-logFile
Logs/AssetImportWorker3.log
-srvPort
65215
-licensingIpc
LicenseClient-User
-force-d3d12
-job-worker-count
7
-background-job-worker-count
8
-gc-helper-count
1
-name
AssetImport
Successfully changed project path to: C:/Users/User/The Pusher
C:/Users/User/The Pusher
[UnityMemory] Configuration Parameters - Can be set up in boot.config
    "memorysetup-temp-allocator-size-gi-baking-worker=262144"
    "memorysetup-temp-allocator-size-gi-baking-worker=262144"
    "memorysetup-temp-allocator-size-gi-baking-worker=262144"
    "memorysetup-temp-allocator-size-gi-baking-worker=262144"
    "memorysetup-temp-allocator-size-gi-baking-worker=262144"
    "memorysetup-temp-allocator-size-nav-mesh-worker=65536"
    "memorysetup-temp-allocator-size-audio-worker=65536"
    "memorysetup-temp-allocator-size-cloud-worker=32768"
    "memorysetup-temp-allocator-size-gfx=262144"
    "memorysetup-temp-allocator-size-preload-manager=33554432"
    "memorysetup-temp-allocator-size-job-worker=262144"
    "memorysetup-temp-allocator-size-background-worker=32768"
    "memorysetup-allocator-temp-initial-block-size-main=262144"
    "memorysetup-allocator-temp-initial-block-size-worker=262144"
    "memorysetup-bucket-allocator-granularity=16"
    "memorysetup-bucket-allocator-bucket-count=8"
    "memorysetup-bucket-allocator-block-size=33554432"
    "memorysetup-bucket-allocator-block-count=8"
    "memorysetup-main-allocator-block-size=16777216"
    "memorysetup-thread-allocator-block-size=16777216"
    "memorysetup-gfx-main-allocator-block-size=16777216"
    "memorysetup-gfx-thread-allocator-block-size=16777216"
    "memorysetup-cache-allocator-block-size=4194304"
    "memorysetup-typetree-allocator-block-size=2097152"
    "memorysetup-profiler-bucket-allocator-granularity=16"
    "memorysetup-profiler-bucket-allocator-bucket-count=8"
    "memorysetup-profiler-bucket-allocator-block-size=33554432"
    "memorysetup-profiler-bucket-allocator-block-count=8"
    "memorysetup-profiler-allocator-block-size=16777216"
    "memorysetup-profiler-editor-allocator-block-size=1048576"
    "memorysetup-temp-allocator-size-main=16777216"
    "memorysetup-job-temp-allocator-block-size=2097152"
    "memorysetup-job-temp-allocator-block-size-background=1048576"
    "memorysetup-job-temp-allocator-reduction-small-platforms=262144"
Player connection [11572]  Target information:

Player connection [11572]  * "[IP] 192.168.31.201 [Port] 0 [Flags] 2 [Guid] 113911048 [EditorId] 113911048 [Version] 1048832 [Id] WindowsEditor(7,NepochatovLaptop) [Debug] 1 [PackageName] WindowsEditor [ProjectName] Editor" 

Player connection [11572] Host joined multi-casting on [225.0.0.222:54997]...
Player connection [11572] Host joined alternative multi-casting on [225.0.0.222:34997]...
JobSystem: Creating JobQueue using job-worker-count value 7
Input System module state changed to: Initialized.
[Physics::Module] Initialized fallback backend.
[Physics::Module] Id: 0xdecafbad
Library Redirect Path: Library/
[Physics::Module] Selected backend.
[Physics::Module] Name: PhysX
[Physics::Module] Id: 0xf2b8ea05
[Physics::Module] SDK Version: 4.1.2
[Physics::Module] Integration Version: 1.0.0
[Physics::Module] Threading Mode: Multi-Threaded
Refreshing native plugins compatible for Editor in 22.20 ms, found 5 plugins.
Initialize engine version: 6000.4.4f1 (360f97ecca93)
[Subsystems] Discovering subsystems at path C:/Program Files/Unity/Hub/Editor/6000.4.4f1/Editor/Data/Resources/UnitySubsystems
[Subsystems] Discovering subsystems at path C:/Users/User/The Pusher/Assets
Forcing GfxDevice: Direct3D 12
GfxDevice: creating device client; kGfxThreadingModeNonThreaded
d3d12: failed to query info queue interface (0x80004002).
Direct3D:
    Version:         Direct3D 12 [level 12.1]
    Renderer:        AMD Radeon (TM) Graphics (ID=0x1681)
    Vendor:          ATI
    VRAM:            7807 MB
    App VRAM Budget: 7622 MB
    Driver:          31.0.12044.3
    Unified Memory Architecture
[Licensing::Client] Error: HandshakeResponse reported an error:
	ResponseCode: 505
	ResponseStatus: Unsupported protocol version '1.18.1'.
[Licensing::Module] Error: Failed to handshake to channel: "LicenseClient-User"
[Licensing::IpcConnector] LicenseClient-User channel disconnected successfully.
[Licensing::IpcConnector] Successfully connected to: "LicenseClient-User-6000.4.4" at "2026-04-27T12:47:20.4560557Z"
Initialize mono
Mono path[0] = 'C:/Program Files/Unity/Hub/Editor/6000.4.4f1/Editor/Data/Managed'
Mono path[1] = 'C:/Program Files/Unity/Hub/Editor/6000.4.4f1/Editor/Data/MonoBleedingEdge/lib/mono/unityjit-win32'
Mono config path = 'C:/Program Files/Unity/Hub/Editor/6000.4.4f1/Editor/Data/MonoBleedingEdge/etc'
Using monoOptions --debugger-agent=transport=dt_socket,embedding=1,server=y,suspend=n,address=127.0.0.1:56396
CodeReloadManager initialized
[Licensing::Client] Handshaking with LicensingClient:
  Version:                 1.18.1+9fbee8e
  Session Id:              bcc85b46e56e4dfc9fcf901dd4b64e9e
  Correlation Id:          19580d9ae74e79120e8cbc1b8a36b635
  External correlation Id: 2705597742461193574
  Machine Id:              2urvVuWl7lPPXBBjjw2Hi5A9tm4=
[Licensing::Module] Successfully connected to LicensingClient on channel: "LicenseClient-User-6000.4.4" (connect: 0.00s, validation: 0.01s, handshake: 3.10s)
[Licensing::IpcConnector] Successfully connected to: "LicenseClient-User-6000.4.4-notifications" at "2026-04-27T12:47:23.5676423Z"
[Licensing::Module] Licensing Background thread has ended after 6.63s
Begin MonoManager ReloadAssembly
Registering precompiled unity dll's ...
Register platform support module: C:/Program Files/Unity/Hub/Editor/6000.4.4f1/Editor/Data/PlaybackEngines/WindowsStandaloneSupport/UnityEditor.WindowsStandalone.Extensions.dll
Registered in 0.502822 seconds.
Native extension for WindowsStandalone target not found
Package Manager log level set to [2]
[Package Manager] Failed to launch server process. Reason: Unity was launched with the -noUpm command-line argument
[Package Manager] Unable to send message (not connected to server process).
[Package Manager] Cannot connect to Unity Package Manager local server
ScheduleIndexationOnStartup MainProcess:False IndexOnStartup:True
Mono: successfully reloaded assembly
- Finished resetting the current domain, in  1.250 seconds
Domain Reload Profiling: 3405ms
	BeginReloadAssembly (400ms)
	RebuildCommonClasses (109ms)
	RebuildNativeTypeToScriptingClass (39ms)
	initialDomainReloadingComplete (721ms)
	LoadAllAssembliesAndSetupDomain (883ms)
		LoadAssemblies (383ms)
		AnalyzeDomain (860ms)
			TypeCache.Refresh (857ms)
				TypeCache.ScanAssembly (820ms)
	FinalizeReload (1254ms)
		SetupLoadedEditorAssemblies (0ms)
			InitializePlatformSupportModulesInManaged (127ms)
			BeforeProcessingInitializeOnLoad (266ms)
			ProcessInitializeOnLoadAttributes (366ms)
			ProcessInitializeOnLoadMethodAttributes (276ms)
========================================================================
Worker process is ready to serve import requests
Import Worker Mode flag is 0x00
Begin MonoManager ReloadAssembly
[Licensing::Client] Successfully resolved entitlement details
[Licensing::Module] License group:
  Id: 10171554522819-UnityPersXXXX
  Product: Unity Personal
  Type: Assigned
  Expiration: Unlimited
Assembly Assembly-CSharp-Editor-firstpass.dll at Library/ScriptAssemblies/Assembly-CSharp-Editor-firstpass.dll not valid. Loading of assembly skipped.
Assembly Assembly-CSharp-Editor.dll at Library/ScriptAssemblies/Assembly-CSharp-Editor.dll not valid. Loading of assembly skipped.
Assembly Assembly-CSharp-firstpass.dll at Library/ScriptAssemblies/Assembly-CSharp-firstpass.dll not valid. Loading of assembly skipped.
Assembly Autodesk.Fbx.BuildTests.dll at Library/ScriptAssemblies/Autodesk.Fbx.BuildTests.dll not valid. Loading of assembly skipped.
Assembly Autodesk.Fbx.PlayModeTests.dll at Library/ScriptAssemblies/Autodesk.Fbx.PlayModeTests.dll not valid. Loading of assembly skipped.
Assembly Autodesk.Fbx.UnitTests.dll at Library/ScriptAssemblies/Autodesk.Fbx.UnitTests.dll not valid. Loading of assembly skipped.
Assembly Autodesk.Fbx.UseCaseTests.dll at Library/ScriptAssemblies/Autodesk.Fbx.UseCaseTests.dll not valid. Loading of assembly skipped.
Assembly DocCodeExamples.dll at Library/ScriptAssemblies/DocCodeExamples.dll not valid. Loading of assembly skipped.
Assembly TestNewCustomAssembly.dll at Library/ScriptAssemblies/TestNewCustomAssembly.dll not valid. Loading of assembly skipped.
Assembly Unity.Collections.BurstCompatibilityGen.dll at Library/ScriptAssemblies/Unity.Collections.BurstCompatibilityGen.dll not valid. Loading of assembly skipped.
Assembly Unity.Collections.DocCodeSamples.dll at Library/ScriptAssemblies/Unity.Collections.DocCodeSamples.dll not valid. Loading of assembly skipped.
Assembly Unity.Collections.PerformanceTests.dll at Library/ScriptAssemblies/Unity.Collections.PerformanceTests.dll not valid. Loading of assembly skipped.
Assembly Unity.Collections.Tests.dll at Library/ScriptAssemblies/Unity.Collections.Tests.dll not valid. Loading of assembly skipped.
Assembly Unity.Collections.Tests.Playmode.dll at Library/ScriptAssemblies/Unity.Collections.Tests.Playmode.dll not valid. Loading of assembly skipped.
Assembly Unity.InputSystem.IntegrationTests.dll at Library/ScriptAssemblies/Unity.InputSystem.IntegrationTests.dll not valid. Loading of assembly skipped.
Assembly Unity.Mathematics.Tests.dll at Library/ScriptAssemblies/Unity.Mathematics.Tests.dll not valid. Loading of assembly skipped.
Assembly Unity.Multiplayer.Center.Editor.Tests.dll at Library/ScriptAssemblies/Unity.Multiplayer.Center.Editor.Tests.dll not valid. Loading of assembly skipped.
Assembly Unity.Multiplayer.Center.Tests.dll at Library/ScriptAssemblies/Unity.Multiplayer.Center.Tests.dll not valid. Loading of assembly skipped.
Assembly Unity.Nuget.Mono-Cecil.dll at Library/ScriptAssemblies/Unity.Nuget.Mono-Cecil.dll not valid. Loading of assembly skipped.
Assembly Unity.PathTracing.Editor.Tests.dll at Library/ScriptAssemblies/Unity.PathTracing.Editor.Tests.dll not valid. Loading of assembly skipped.
Assembly Unity.PathTracing.Runtime.Tests.dll at Library/ScriptAssemblies/Unity.PathTracing.Runtime.Tests.dll not valid. Loading of assembly skipped.
Assembly Unity.RenderPipelines.Core.Editor.Tests.dll at Library/ScriptAssemblies/Unity.RenderPipelines.Core.Editor.Tests.dll not valid. Loading of assembly skipped.
Assembly Unity.RenderPipelines.Core.Runtime.Tests.dll at Library/ScriptAssemblies/Unity.RenderPipelines.Core.Runtime.Tests.dll not valid. Loading of assembly skipped.
Assembly Unity.RenderPipelines.Universal.Config.Editor.Tests.dll at Library/ScriptAssemblies/Unity.RenderPipelines.Universal.Config.Editor.Tests.dll not valid. Loading of assembly skipped.
Assembly Unity.RenderPipelines.Universal.Editor.Tests.dll at Library/ScriptAssemblies/Unity.RenderPipelines.Universal.Editor.Tests.dll not valid. Loading of assembly skipped.
Assembly Unity.RenderPipelines.Universal.Runtime.Tests.dll at Library/ScriptAssemblies/Unity.RenderPipelines.Universal.Runtime.Tests.dll not valid. Loading of assembly skipped.
Assembly Unity.Searcher.EditorTests.dll at Library/ScriptAssemblies/Unity.Searcher.EditorTests.dll not valid. Loading of assembly skipped.
Assembly Unity.Settings.Tests.dll at Library/ScriptAssemblies/Unity.Settings.Tests.dll not valid. Loading of assembly skipped.
Assembly Unity.ShaderGraph.Editor.Tests.dll at Library/ScriptAssemblies/Unity.ShaderGraph.Editor.Tests.dll not valid. Loading of assembly skipped.
Assembly Unity.TextMeshPro.Editor.Tests.dll at Library/ScriptAssemblies/Unity.TextMeshPro.Editor.Tests.dll not valid. Loading of assembly skipped.
Assembly Unity.TextMeshPro.Tests.dll at Library/ScriptAssemblies/Unity.TextMeshPro.Tests.dll not valid. Loading of assembly skipped.
Assembly Unity.UnifiedRayTracing.Editor.Tests.dll at Library/ScriptAssemblies/Unity.UnifiedRayTracing.Editor.Tests.dll not valid. Loading of assembly skipped.
Assembly UnityEditor.UI.Common.Tests.dll at Library/ScriptAssemblies/UnityEditor.UI.Common.Tests.dll not valid. Loading of assembly skipped.
Assembly UnityEditor.UI.EditorTests.dll at Library/ScriptAssemblies/UnityEditor.UI.EditorTests.dll not valid. Loading of assembly skipped.
Assembly UnityEngine.UI.Tests.dll at Library/ScriptAssemblies/UnityEngine.UI.Tests.dll not valid. Loading of assembly skipped.
Refreshing native plugins compatible for Editor in 18.67 ms, found 5 plugins.
Native extension for WindowsStandalone target not found
[Package Manager] Failed to launch server process. Reason: Unity was launched with the -noUpm command-line argument
[Package Manager] Unable to send message (not connected to server process).
[Package Manager] Cannot connect to Unity Package Manager local server
Refreshing native plugins compatible for Editor in 8.02 ms, found 5 plugins.
[Package Manager] Failed to launch server process. Reason: Unity was launched with the -noUpm command-line argument
[Package Manager] Unable to send message (not connected to server process).
[Package Manager] Cannot connect to Unity Package Manager local server
[MODES] ModeService[none].Initialize
[MODES] ModeService[none].LoadModes
[MODES] Loading mode Default (0) for mode-current-id-My project (1)
ScheduleIndexationOnStartup MainProcess:False IndexOnStartup:True
Mono: successfully reloaded assembly
- Finished resetting the current domain, in  3.517 seconds
Domain Reload Profiling: 6405ms
	BeginReloadAssembly (526ms)
		DisableScriptedObjects (17ms)
		CreateAndSetChildDomain (76ms)
	RebuildCommonClasses (110ms)
	RebuildNativeTypeToScriptingClass (30ms)
	initialDomainReloadingComplete (305ms)
	LoadAllAssembliesAndSetupDomain (1916ms)
		LoadAssemblies (1405ms)
		AnalyzeDomain (795ms)
			TypeCache.Refresh (618ms)
				TypeCache.ScanAssembly (581ms)
			BuildScriptInfoCaches (146ms)
			ResolveRequiredComponents (28ms)
	FinalizeReload (3519ms)
		SetupLoadedEditorAssemblies (0ms)
			InitializePlatformSupportModulesInManaged (21ms)
			BeforeProcessingInitializeOnLoad (428ms)
			ProcessInitializeOnLoadAttributes (2059ms)
			ProcessInitializeOnLoadMethodAttributes (309ms)
			AfterProcessingInitializeOnLoad (16ms)
		AwakeInstancesAfterBackupRestoration (17ms)
WARNING: Shader Unsupported: 'Hidden/Builtin_TerrainVisualization' - All subshaders removed
WARNING: Shader Did you use #pragma only_renderers and omit this platform?
WARNING: Shader If subshaders removal was intentional, you may have forgotten turning Fallback off?
Launched and connected shader compiler UnityShaderCompiler.exe after 0.04 seconds
Refreshing native plugins compatible for Editor in 8.49 ms, found 5 plugins.
Unloading 37 Unused Serialized files (Serialized files now loaded: 0)
Unloading 7334 unused Assets / (8.9 MB). Loaded Objects now: 8582.
Memory consumption went from 169.6 MB to 160.7 MB.
Total: 32.134300 ms (FindLiveObjects: 2.032500 ms CreateObjectMapping: 1.561900 ms MarkObjects: 18.522800 ms  DeleteObjects: 10.009800 ms)

========================================================================
Received Import Request.
  Time since last request: 267526.471153 seconds.
  path: Assets/TextMesh Pro/Fonts/LiberationSans.ttf
  importAddress: Guid(e3265ab4bf004d28a9537516768c1c75) Importer(2089858483,b0f066a214c2f5e87bad3c948f4d605d)
Start importing Assets/TextMesh Pro/Fonts/LiberationSans.ttf using Guid(e3265ab4bf004d28a9537516768c1c75) Importer(2089858483,b0f066a214c2f5e87bad3c948f4d605d) (ScriptedImporter) -> (Import Result ID: '8782000f77a67a6c3bcc5a95342857f1') in 0.306783 seconds [static and dynamic dependencies]. Details - ImportResultOutputID=78c01bb0dbd10a271a69ee3c82359262 DependenciesID=035077e396e9afcd1945c31a24a3728b StaticDependenciesID=8d7b10ba804405d2fb9a467f6d8c5b4f 
Number of updated asset objects reloaded before import = 0Number of asset objects unloaded after import = 3

========================================================================
Received Import Request.
  Time since last request: 0.000045 seconds.
  path: Assets/CurvedPoly/Demo/RuntimeLoDs.unity
  importAddress: Guid(9c6c72b1775923549b1f4edeffd0fd86) Importer(2089858483,b0f066a214c2f5e87bad3c948f4d605d)
Start importing Assets/CurvedPoly/Demo/RuntimeLoDs.unity using Guid(9c6c72b1775923549b1f4edeffd0fd86) Importer(2089858483,b0f066a214c2f5e87bad3c948f4d605d) (ScriptedImporter) -> (Import Result ID: 'e7a4378300463e3ed49d2cb49b50b8f8') in 0.0563356 seconds [static and dynamic dependencies]. Details - ImportResultOutputID=148f0632701ff88adbc8ea8456f67d50 DependenciesID=854acf368608c190975c0a327c5d407e StaticDependenciesID=6c4026aa92bfcfaa927a8a801af93636 
Number of updated asset objects reloaded before import = 0Number of asset objects unloaded after import = 1

========================================================================
Received Import Request.
  Time since last request: 0.000050 seconds.
  path: Assets/Materials/New Material 7.mat
  importAddress: Guid(851c4037520c4bb46b5d6295da5653a0) Importer(2089858483,b0f066a214c2f5e87bad3c948f4d605d)
Start importing Assets/Materials/New Material 7.mat using Guid(851c4037520c4bb46b5d6295da5653a0) Importer(2089858483,b0f066a214c2f5e87bad3c948f4d605d) (ScriptedImporter) -> (Import Result ID: 'aae5eea512da57257315aa72fa002aac') in 0.061107 seconds [static and dynamic dependencies]. Details - ImportResultOutputID=3423bdd3117036edfa761794b86dfad1 DependenciesID=b82f98f72a2504fe7133ef51890086a9 StaticDependenciesID=1d28b535fa1a8dc8c163ee234a4893a2 
Number of updated asset objects reloaded before import = 0Number of asset objects unloaded after import = 2

========================================================================
Received Import Request.
  Time since last request: 0.000032 seconds.
  path: Assets/Button (Win).prefab
  importAddress: Guid(e271d62abff43954ab7bf18099bcdef6) Importer(2089858483,b0f066a214c2f5e87bad3c948f4d605d)
Start importing Assets/Button (Win).prefab using Guid(e271d62abff43954ab7bf18099bcdef6) Importer(2089858483,b0f066a214c2f5e87bad3c948f4d605d) (ScriptedImporter) -> (Import Result ID: '8c4e1eb8ee0355fae97fb27701fac8ca') in 0.0585564 seconds [static and dynamic dependencies]. Details - ImportResultOutputID=d01512619bce19d25ee045b141fca235 DependenciesID=7019d1d30912ba19cb3b6a08c2c5339f StaticDependenciesID=572210756229bc8b88c5f79a22eb92ef 
Number of updated asset objects reloaded before import = 0Number of asset objects unloaded after import = 13

========================================================================
Received Import Request.
  Time since last request: 0.000037 seconds.
  path: Assets/AddOns/Mg3D_Food/Banana.fbx
  importAddress: Guid(461f0170c82b53340a9812199b63bbd4) Importer(2089858483,b0f066a214c2f5e87bad3c948f4d605d)
Start importing Assets/AddOns/Mg3D_Food/Banana.fbx using Guid(461f0170c82b53340a9812199b63bbd4) Importer(2089858483,b0f066a214c2f5e87bad3c948f4d605d) (ScriptedImporter) -> (Import Result ID: '5ed11c5b9abd1e52500e9365e4bc4b77') in 0.122712 seconds [static and dynamic dependencies]. Details - ImportResultOutputID=18d84e2cd353f74c83e1e25e578e0a7a DependenciesID=20ee3d3f125d460a91b10bb6bffa33f1 StaticDependenciesID=70fbade739a8abdea40493a896d4065a 
Number of updated asset objects reloaded before import = 0Number of asset objects unloaded after import = 10

========================================================================
Received Import Request.
  Time since last request: 0.000048 seconds.
  path: Assets/TestUI.uxml
  importAddress: Guid(fd5fa0e9cdc5e0e46bd200b7154e6c5d) Importer(815301076,1909f56bfc062723c751e8b465ee728b)
Start importing Assets/TestUI.uxml using Guid(fd5fa0e9cdc5e0e46bd200b7154e6c5d) Importer(815301076,1909f56bfc062723c751e8b465ee728b) (PreviewImporter) -> (Import Result ID: '2fbc35df281e68a9224fedee49dc7ab7') in 0.1494364 seconds [static and dynamic dependencies]. Details - ImportResultOutputID=d0fc469285625e99428295ed727edf67 DependenciesID=4fb5132de1db95551a316f699f623025 StaticDependenciesID=5fdedeb77765defef2ac8a4ccce21269 
Number of updated asset objects reloaded before import = 0Number of asset objects unloaded after import = 4

========================================================================
Received Import Request.
  Time since last request: 0.000037 seconds.
  path: Assets/Player.prefab
  importAddress: Guid(9009345f86e6b9a45958b2c26aec1a04) Importer(2089858483,b0f066a214c2f5e87bad3c948f4d605d)
Start importing Assets/Player.prefab using Guid(9009345f86e6b9a45958b2c26aec1a04) Importer(2089858483,b0f066a214c2f5e87bad3c948f4d605d) (ScriptedImporter) -> (Import Result ID: '8ee6a362c92e1a0569ec6ffdc2a84b06') in 0.0894722 seconds [static and dynamic dependencies]. Details - ImportResultOutputID=225183ff9ed98ddf99c6f351350e7554 DependenciesID=a43c96b7d239ab26197c78a5248aae65 StaticDependenciesID=c61db8ba908eddc793afb2003e771110 
Number of updated asset objects reloaded before import = 0Number of asset objects unloaded after import = 32

========================================================================
Received Import Request.
  Time since last request: 0.000049 seconds.
  path: Assets/CurvedPoly/Assets/Materials/DefaultMatsSet.asset
  importAddress: Guid(2475cd659a5e901498681bf9afc3895e) Importer(2089858483,b0f066a214c2f5e87bad3c948f4d605d)
Start importing Assets/CurvedPoly/Assets/Materials/DefaultMatsSet.asset using Guid(2475cd659a5e901498681bf9afc3895e) Importer(2089858483,b0f066a214c2f5e87bad3c948f4d605d) (ScriptedImporter) -> (Import Result ID: '7fe9b3042d1e5ee6c244b289f02110d7') in 0.0372292 seconds [static and dynamic dependencies]. Details - ImportResultOutputID=2e7d346d81e439332a02ec9768e6e588 DependenciesID=c873e06a7df0b05fae8ae51cffbb924b StaticDependenciesID=4d439ec6387659dc84572e0baf648db2 
Number of updated asset objects reloaded before import = 0Number of asset objects unloaded after import = 4

========================================================================
Received Import Request.
  Time since last request: 0.000033 seconds.
  path: Assets/TextMesh Pro/Shaders/TMPro_Properties.cginc
  importAddress: Guid(3997e2241185407d80309a82f9148466) Importer(2089858483,b0f066a214c2f5e87bad3c948f4d605d)
Start importing Assets/TextMesh Pro/Shaders/TMPro_Properties.cginc using Guid(3997e2241185407d80309a82f9148466) Importer(2089858483,b0f066a214c2f5e87bad3c948f4d605d) (ScriptedImporter) -> (Import Result ID: '0638d287e91de4dbc71f35f2e73cb453') in 0.028347 seconds [static and dynamic dependencies]. Details - ImportResultOutputID=9c679f4c7b4c7f95022dc89707af53cb DependenciesID=d8bf32c9fa39ab945d5c90b830d0ff41 StaticDependenciesID=ab070b6b75eb729a41727b84a827f49d 
Number of updated asset objects reloaded before import = 0Number of asset objects unloaded after import = 1

========================================================================
Received Import Request.
  Time since last request: 0.000045 seconds.
  path: Assets/TextMesh Pro/Shaders/TMP_SDF-Mobile Overlay.shader
  importAddress: Guid(a02a7d8c237544f1962732b55a9aebf1) Importer(2089858483,b0f066a214c2f5e87bad3c948f4d605d)
Start importing Assets/TextMesh Pro/Shaders/TMP_SDF-Mobile Overlay.shader using Guid(a02a7d8c237544f1962732b55a9aebf1) Importer(2089858483,b0f066a214c2f5e87bad3c948f4d605d) (ScriptedImporter) -> (Import Result ID: '441d68bff1df7929ba8e1993969b0e5f') in 0.0397209 seconds [static and dynamic dependencies]. Details - ImportResultOutputID=7fa913e2b8b1c8f8013df24a7c370478 DependenciesID=dba8babbb889a01ab1b10b9516bbd1c6 StaticDependenciesID=0cd9ea97f68392fe6cbce5de52c408ad 
Number of updated asset objects reloaded before import = 0Number of asset objects unloaded after import = 1

========================================================================
Received Import Request.
  Time since last request: 0.000063 seconds.
  path: Assets/MyDataSource.cs
  importAddress: Guid(bfb67e205b210c149b40c802c0b6f6a7) Importer(2089858483,b0f066a214c2f5e87bad3c948f4d605d)
Start importing Assets/MyDataSource.cs using Guid(bfb67e205b210c149b40c802c0b6f6a7) Importer(2089858483,b0f066a214c2f5e87bad3c948f4d605d) (ScriptedImporter) -> (Import Result ID: '5152721589f834c7e1c0d7298d9103ef') in 0.0307143 seconds [static and dynamic dependencies]. Details - ImportResultOutputID=a2abe020b7e037e8b68002e7b663798f DependenciesID=3d961712c4831010060b453dd0580487 StaticDependenciesID=d4cd3b53f270a12e540549b0e0bbc9ff 
Number of updated asset objects reloaded before import = 0Number of asset objects unloaded after import = 0

========================================================================
Received Import Request.
  Time since last request: 0.000038 seconds.
  path: Assets/CurvedPoly/Assets/Models/AshtrayCap.asset
  importAddress: Guid(1bc5e915e2fda1f48943d80118906909) Importer(2089858483,b0f066a214c2f5e87bad3c948f4d605d)
Start importing Assets/CurvedPoly/Assets/Models/AshtrayCap.asset using Guid(1bc5e915e2fda1f48943d80118906909) Importer(2089858483,b0f066a214c2f5e87bad3c948f4d605d) (ScriptedImporter) -> (Import Result ID: '3f1e8900205de17c85dada3243028a3b') in 0.039286 seconds [static and dynamic dependencies]. Details - ImportResultOutputID=91f88b68ae2cc3c2c1b873e19da83c07 DependenciesID=37406b12c291ae8e67deb184b9888ab0 StaticDependenciesID=e1d01ef1fe530fe92ec8ac0e73d82fac 
Number of updated asset objects reloaded before import = 0Number of asset objects unloaded after import = 1

========================================================================
Received Import Request.
  Time since last request: 0.000037 seconds.
  path: Assets/CurvedPoly/Assets/Models/AppleStalk.asset
  importAddress: Guid(d13f295d72c9d5e4fb97cb3d5032f6db) Importer(2089858483,b0f066a214c2f5e87bad3c948f4d605d)
Start importing Assets/CurvedPoly/Assets/Models/AppleStalk.asset using Guid(d13f295d72c9d5e4fb97cb3d5032f6db) Importer(2089858483,b0f066a214c2f5e87bad3c948f4d605d) (ScriptedImporter) -> (Import Result ID: 'cd965226a8226250155a843f674d2ab5') in 0.0322412 seconds [static and dynamic dependencies]. Details - ImportResultOutputID=269ff71b96a70a432fb356a634a69355 DependenciesID=b23d4d4930313bf7b0b91537d16b9556 StaticDependenciesID=d31868752738d4b0f380378396e08960 
Number of updated asset objects reloaded before import = 0Number of asset objects unloaded after import = 1

========================================================================
Received Import Request.
  Time since last request: 0.000062 seconds.
  path: Assets/CurvedPoly/Assets/Models/BottleMain.asset
  importAddress: Guid(cc8e4eaed807b8748a40fd0b5cd4f7d3) Importer(2089858483,b0f066a214c2f5e87bad3c948f4d605d)
Start importing Assets/CurvedPoly/Assets/Models/BottleMain.asset using Guid(cc8e4eaed807b8748a40fd0b5cd4f7d3) Importer(2089858483,b0f066a214c2f5e87bad3c948f4d605d) (ScriptedImporter) -> (Import Result ID: '49b368d0d9438d69677f894e1f477a6f') in 0.0518676 seconds [static and dynamic dependencies]. Details - ImportResultOutputID=a0d63ba184deed9a53187724fa55adbc DependenciesID=3f453044a11cfa6224525a7d2f014b96 StaticDependenciesID=67159b48a9dac101bdb54bffde961d80 
Number of updated asset objects reloaded before import = 0Number of asset objects unloaded after import = 1

========================================================================
Received Import Request.
  Time since last request: 0.000047 seconds.
  path: Assets/CurvedPoly/Assets/Models/CoatHangerMain.asset
  importAddress: Guid(a3f12796ebbdd6c4798869fcfc0a7718) Importer(2089858483,b0f066a214c2f5e87bad3c948f4d605d)
Start importing Assets/CurvedPoly/Assets/Models/CoatHangerMain.asset using Guid(a3f12796ebbdd6c4798869fcfc0a7718) Importer(2089858483,b0f066a214c2f5e87bad3c948f4d605d) (ScriptedImporter) -> (Import Result ID: '2ecdddd59e2b89257c367f58850aa3ac') in 0.0623393 seconds [static and dynamic dependencies]. Details - ImportResultOutputID=007b366efe926320452bab15d8090419 DependenciesID=468fa2b18ae3f75cbd68886ebc5a0020 StaticDependenciesID=192935f9fa03bc38e0a055fe518d3fab 
Number of updated asset objects reloaded before import = 0Number of asset objects unloaded after import = 1

========================================================================
Received Import Request.
  Time since last request: 0.000055 seconds.
  path: Assets/CurvedPoly/Assets/Models/Mushroom.asset
  importAddress: Guid(f94c2ecd08d1ecd41ae4689c5e7e7c2d) Importer(2089858483,b0f066a214c2f5e87bad3c948f4d605d)
Start importing Assets/CurvedPoly/Assets/Models/Mushroom.asset using Guid(f94c2ecd08d1ecd41ae4689c5e7e7c2d) Importer(2089858483,b0f066a214c2f5e87bad3c948f4d605d) (ScriptedImporter) -> (Import Result ID: '1c7b3023b574c0e1534627af68ac4472') in 0.029973 seconds [static and dynamic dependencies]. Details - ImportResultOutputID=eceecebd61438b8d310c354735d6f8c7 DependenciesID=0c9a99f05ab575c4410923d4d08665fb StaticDependenciesID=b3ff162dcd32fc552d8f4ec1ea09db35 
Number of updated asset objects reloaded before import = 0Number of asset objects unloaded after import = 1

========================================================================
Received Import Request.
  Time since last request: 0.000037 seconds.
  path: Assets/CurvedPoly/Assets/Models/MouseBody.asset
  importAddress: Guid(0a36238c396c1e9469dca7f70af569fc) Importer(2089858483,b0f066a214c2f5e87bad3c948f4d605d)
Start importing Assets/CurvedPoly/Assets/Models/MouseBody.asset using Guid(0a36238c396c1e9469dca7f70af569fc) Importer(2089858483,b0f066a214c2f5e87bad3c948f4d605d) (ScriptedImporter) -> (Import Result ID: 'ea0b06c1696b80c7c42ecb9013b56c98') in 0.0581873 seconds [static and dynamic dependencies]. Details - ImportResultOutputID=8c1cb5094dbba7998b1ed15a7dfd1531 DependenciesID=383257bd9c250646a00c5f26c55bad0f StaticDependenciesID=2c25f07aed728507a063eca6feeefb3f 
Number of updated asset objects reloaded before import = 0Number of asset objects unloaded after import = 1

========================================================================
Received Import Request.
  Time since last request: 0.000044 seconds.
  path: Assets/CurvedPoly/Assets/Models/AshtrayBody.asset
  importAddress: Guid(e497d036f86f46e448ba810567917fcb) Importer(2089858483,b0f066a214c2f5e87bad3c948f4d605d)
Start importing Assets/CurvedPoly/Assets/Models/AshtrayBody.asset using Guid(e497d036f86f46e448ba810567917fcb) Importer(2089858483,b0f066a214c2f5e87bad3c948f4d605d) (ScriptedImporter) -> (Import Result ID: 'a065403143a754294c7dd78af28e75c4') in 0.0304727 seconds [static and dynamic dependencies]. Details - ImportResultOutputID=150bfef1715e5d522e14950226ae261c DependenciesID=a3b9a2b36f8c2e565c924ca2ba199835 StaticDependenciesID=1873685c2b8a9eb1469841996c0499c9 
Number of updated asset objects reloaded before import = 0Number of asset objects unloaded after import = 1

========================================================================
Received Import Request.
  Time since last request: 0.000062 seconds.
  path: Assets/CurvedPoly/Assets/Models/MouseWheel.asset
  importAddress: Guid(5da31c0f2942a3f4587a7a4c90a33e25) Importer(2089858483,b0f066a214c2f5e87bad3c948f4d605d)
Start importing Assets/CurvedPoly/Assets/Models/MouseWheel.asset using Guid(5da31c0f2942a3f4587a7a4c90a33e25) Importer(2089858483,b0f066a214c2f5e87bad3c948f4d605d) (ScriptedImporter) -> (Import Result ID: '4b4daa03fa5600f8b70ac741eb182443') in 0.0327951 seconds [static and dynamic dependencies]. Details - ImportResultOutputID=3503b37464946321d42bdec4f83ebfd1 DependenciesID=6a8b9b23f949a7fd4815763b6f921647 StaticDependenciesID=0acbedf50a5f1b3bfecd2671a24de881 
Number of updated asset objects reloaded before import = 0Number of asset objects unloaded after import = 1

========================================================================
Received Import Request.
  Time since last request: 0.000037 seconds.
  path: Assets/TextMesh Pro/Shaders/TMP_Bitmap-Custom-Atlas.shader
  importAddress: Guid(48bb5f55d8670e349b6e614913f9d910) Importer(2089858483,b0f066a214c2f5e87bad3c948f4d605d)
Start importing Assets/TextMesh Pro/Shaders/TMP_Bitmap-Custom-Atlas.shader using Guid(48bb5f55d8670e349b6e614913f9d910) Importer(2089858483,b0f066a214c2f5e87bad3c948f4d605d) (ScriptedImporter) -> (Import Result ID: 'ea975b7e6bd1847eced8f6c6621ed361') in 0.0305576 seconds [static and dynamic dependencies]. Details - ImportResultOutputID=85c2d75a3b3f5ecb107a0a96881b210b DependenciesID=ea59754a9a55508de2a44606447bd077 StaticDependenciesID=97e2617c6e2d061a39156ef7584ef903 
Number of updated asset objects reloaded before import = 0Number of asset objects unloaded after import = 1

========================================================================
Received Import Request.
  Time since last request: 0.000048 seconds.
  path: Assets/TextMesh Pro/Shaders/TMP_SDF-URP Lit.shadergraph
  importAddress: Guid(a3d800b099a06e0478fb790c5e79057a) Importer(2089858483,b0f066a214c2f5e87bad3c948f4d605d)
Start importing Assets/TextMesh Pro/Shaders/TMP_SDF-URP Lit.shadergraph using Guid(a3d800b099a06e0478fb790c5e79057a) Importer(2089858483,b0f066a214c2f5e87bad3c948f4d605d) (ScriptedImporter) -> (Import Result ID: 'bf9f44deada835625e6be6e9491a85fc') in 0.0940754 seconds [static and dynamic dependencies]. Details - ImportResultOutputID=69173adf795d9bea7fb55d6b9f4131a1 DependenciesID=eba4c844979062d470c739f308d4f02a StaticDependenciesID=862a4b64adc3cbc3af4bdbed03dcd58a 
Number of updated asset objects reloaded before import = 0Number of asset objects unloaded after import = 4

========================================================================
Received Import Request.
  Time since last request: 0.000063 seconds.
  path: Assets/DirectMover 1.cs
  importAddress: Guid(c077723de915b2346931837f911d5c4c) Importer(2089858483,b0f066a214c2f5e87bad3c948f4d605d)
Start importing Assets/DirectMover 1.cs using Guid(c077723de915b2346931837f911d5c4c) Importer(2089858483,b0f066a214c2f5e87bad3c948f4d605d) (ScriptedImporter) -> (Import Result ID: '3993c89349d0817bcae37f19b4cf7f34') in 0.0262921 seconds [static and dynamic dependencies]. Details - ImportResultOutputID=b778c7ccc5c860e6aafe833064956b06 DependenciesID=8caaee7d3bf2f6f80886509bfc1bbf38 StaticDependenciesID=2136c15cbf04129549539c51f193b07e 
Number of updated asset objects reloaded before import = 0Number of asset objects unloaded after import = 0

========================================================================
Received Import Request.
  Time since last request: 0.000043 seconds.
  path: Assets/CurvedPoly/Assets/Models/MouseStripe.asset
  importAddress: Guid(2e963c1715264f8439292321afc6e94c) Importer(2089858483,b0f066a214c2f5e87bad3c948f4d605d)
Start importing Assets/CurvedPoly/Assets/Models/MouseStripe.asset using Guid(2e963c1715264f8439292321afc6e94c) Importer(2089858483,b0f066a214c2f5e87bad3c948f4d605d) (ScriptedImporter) -> (Import Result ID: '008cae748c3ecb711f0773b20fcf92b1') in 0.0598318 seconds [static and dynamic dependencies]. Details - ImportResultOutputID=ac6d25c5ce81ecfc7ddde8f5768aaef2 DependenciesID=a5ddc614925bd9f96a2d54fbf8b10d59 StaticDependenciesID=486474d9d7ef010705494457cf7cbc65 
Number of updated asset objects reloaded before import = 0Number of asset objects unloaded after import = 1

========================================================================
Received Import Request.
  Time since last request: 0.000051 seconds.
  path: Assets/CurvedPoly/Assets/Models/ReadMe.txt
  importAddress: Guid(a665f11025c79844e9093b4584018598) Importer(2089858483,b0f066a214c2f5e87bad3c948f4d605d)
Start importing Assets/CurvedPoly/Assets/Models/ReadMe.txt using Guid(a665f11025c79844e9093b4584018598) Importer(2089858483,b0f066a214c2f5e87bad3c948f4d605d) (ScriptedImporter) -> (Import Result ID: 'b22abf8e7a6cd530baa83c81e3be6ddf') in 0.0285141 seconds [static and dynamic dependencies]. Details - ImportResultOutputID=d88e0c513ecfe29abf33fc735233b71f DependenciesID=9000d45d3b26c5d4152c9109c7d99e9d StaticDependenciesID=d06b99391982d65b90674bd3f2dd51df 
Number of updated asset objects reloaded before import = 0Number of asset objects unloaded after import = 1

========================================================================
Received Import Request.
  Time since last request: 0.000060 seconds.
  path: Assets/Materials/checkerboard.png
  importAddress: Guid(f1dbc38ff435d7647885119a2c547463) Importer(2089858483,b0f066a214c2f5e87bad3c948f4d605d)
Start importing Assets/Materials/checkerboard.png using Guid(f1dbc38ff435d7647885119a2c547463) Importer(2089858483,b0f066a214c2f5e87bad3c948f4d605d) (ScriptedImporter) -> (Import Result ID: '4a3f9988dd00b04f0dc89b6084255438') in 0.0906602 seconds [static and dynamic dependencies]. Details - ImportResultOutputID=cc55cba2231c9709ce28618b2f97f408 DependenciesID=44bff0d6b242ef3f89d687eaf5d1f71b StaticDependenciesID=0696f421426fbf22fdeab7b78116f3b1 
Number of updated asset objects reloaded before import = 0Number of asset objects unloaded after import = 1

========================================================================
Received Import Request.
  Time since last request: 0.000039 seconds.
  path: Assets/TextMesh Pro/Shaders/TMPro_Surface.cginc
  importAddress: Guid(d930090c0cd643c7b55f19a38538c162) Importer(2089858483,b0f066a214c2f5e87bad3c948f4d605d)
Start importing Assets/TextMesh Pro/Shaders/TMPro_Surface.cginc using Guid(d930090c0cd643c7b55f19a38538c162) Importer(2089858483,b0f066a214c2f5e87bad3c948f4d605d) (ScriptedImporter) -> (Import Result ID: '639662791d2392c96f708b23d68fbf5e') in 0.0404807 seconds [static and dynamic dependencies]. Details - ImportResultOutputID=7aa98aa28ceaf324a46406f95ad11da5 DependenciesID=cfd80509d6ef5a874d9ac4a7e82067ba StaticDependenciesID=8fb9495c76aeb6809f5b996ebfc0882c 
Number of updated asset objects reloaded before import = 0Number of asset objects unloaded after import = 1

========================================================================
Received Import Request.
  Time since last request: 0.000052 seconds.
  path: Assets/TestUI.uxml
  importAddress: Guid(fd5fa0e9cdc5e0e46bd200b7154e6c5d) Importer(2089858483,b0f066a214c2f5e87bad3c948f4d605d)
Start importing Assets/TestUI.uxml using Guid(fd5fa0e9cdc5e0e46bd200b7154e6c5d) Importer(2089858483,b0f066a214c2f5e87bad3c948f4d605d) (ScriptedImporter) -> (Import Result ID: '900437da2a66cd729ce612ffef9f300c') in 0.0387372 seconds [static and dynamic dependencies]. Details - ImportResultOutputID=71481b9973431c67d5ce8c260434d3b6 DependenciesID=0c138b8d964dcfb68a4a2501109ede53 StaticDependenciesID=4578a2c41994c6d6b0deef6831992cd2 
Number of updated asset objects reloaded before import = 0Number of asset objects unloaded after import = 4

========================================================================
Received Import Request.
  Time since last request: 0.000041 seconds.
  path: Assets/Materials/New Material 2.mat
  importAddress: Guid(5c4e1377ca1f39443bcaaa52754b48a5) Importer(2089858483,b0f066a214c2f5e87bad3c948f4d605d)
Start importing Assets/Materials/New Material 2.mat using Guid(5c4e1377ca1f39443bcaaa52754b48a5) Importer(2089858483,b0f066a214c2f5e87bad3c948f4d605d) (ScriptedImporter) -> (Import Result ID: '49f88f254a2d9472c0f2c48f5fc8977d') in 0.0314731 seconds [static and dynamic dependencies]. Details - ImportResultOutputID=bff217ea2a69ababc88f425d89bbff59 DependenciesID=cc6904593d8599a41cbd36433937b413 StaticDependenciesID=49592635c9506702e684c812f0d54f60 
Number of updated asset objects reloaded before import = 0Number of asset objects unloaded after import = 1

========================================================================
Received Import Request.
  Time since last request: 0.000043 seconds.
  path: Assets/TextMesh Pro/Resources/LineBreaking Leading Characters.txt
  importAddress: Guid(d82c1b31c7e74239bff1220585707d2b) Importer(2089858483,b0f066a214c2f5e87bad3c948f4d605d)
Start importing Assets/TextMesh Pro/Resources/LineBreaking Leading Characters.txt using Guid(d82c1b31c7e74239bff1220585707d2b) Importer(2089858483,b0f066a214c2f5e87bad3c948f4d605d) (ScriptedImporter) -> (Import Result ID: 'f6807b35318a3ba99db5b93ed084267b') in 0.028892 seconds [static and dynamic dependencies]. Details - ImportResultOutputID=20793d711338b429b6e4cf9c2f38d905 DependenciesID=b4b57beeb4264a473032fc54487d3946 StaticDependenciesID=dda605278c247b9c3f7e62e1f27042f7 
Number of updated asset objects reloaded before import = 0Number of asset objects unloaded after import = 1

========================================================================
Received Import Request.
  Time since last request: 0.000053 seconds.
  path: Assets/Map.prefab
  importAddress: Guid(021c6ceaf2eb78842903b7d1131a5c6f) Importer(815301076,1909f56bfc062723c751e8b465ee728b)
Start importing Assets/Map.prefab using Guid(021c6ceaf2eb78842903b7d1131a5c6f) Importer(815301076,1909f56bfc062723c751e8b465ee728b) (PreviewImporter) -> (Import Result ID: 'cae93ac667ba68a2ca4651aaf23665cc') in 8.1245334 seconds [static and dynamic dependencies]. Details - ImportResultOutputID=6b517ada9db8a1a0c8a1c0568fbd7a36 DependenciesID=e8b5cfe5a77c7929926386609dfc079a StaticDependenciesID=731e4930b836afbe0302454aeeb0c735 
Number of updated asset objects reloaded before import = 0Number of asset objects unloaded after import = 27

========================================================================
Received Import Request.
  Time since last request: 0.000064 seconds.
  path: Assets/Arrow.prefab
  importAddress: Guid(c6898ba00c92a674a92bb0b4a7394873) Importer(2089858483,b0f066a214c2f5e87bad3c948f4d605d)
Start importing Assets/Arrow.prefab using Guid(c6898ba00c92a674a92bb0b4a7394873) Importer(2089858483,b0f066a214c2f5e87bad3c948f4d605d) (ScriptedImporter) -> (Import Result ID: '0c05c69012d932d878cf3544d333e9b3') in 0.030819 seconds [static and dynamic dependencies]. Details - ImportResultOutputID=62c6c3756ea35f9f50ae325f794e7de6 DependenciesID=9c2a5f5c6fcde65282b18367e2b2de85 StaticDependenciesID=dfd44cda2c4a1e2f45815a2dcc048e29 
Number of updated asset objects reloaded before import = 0Number of asset objects unloaded after import = 19

========================================================================
Received Import Request.
  Time since last request: 0.000069 seconds.
  path: Assets/AddOns/Mg3D_Food/Watermelon.fbx
  importAddress: Guid(7977e423937da9b48aac1866c67bb5be) Importer(2089858483,b0f066a214c2f5e87bad3c948f4d605d)
Start importing Assets/AddOns/Mg3D_Food/Watermelon.fbx using Guid(7977e423937da9b48aac1866c67bb5be) Importer(2089858483,b0f066a214c2f5e87bad3c948f4d605d) (ScriptedImporter) -> (Import Result ID: '9d17c367da45e7a0a89e42874969a180') in 0.0556598 seconds [static and dynamic dependencies]. Details - ImportResultOutputID=6046dfe3c1d90a27aa0db4ad709e1eb7 DependenciesID=2f95429672b05a86c259ddda4e76d56b StaticDependenciesID=d312366e2ced17022ade6a110f7a2eb5 
Number of updated asset objects reloaded before import = 0Number of asset objects unloaded after import = 12

========================================================================
Received Import Request.
  Time since last request: 0.000044 seconds.
  path: Assets/Settings/PC_RPAsset.asset
  importAddress: Guid(4b83569d67af61e458304325a23e5dfd) Importer(2089858483,b0f066a214c2f5e87bad3c948f4d605d)
Start importing Assets/Settings/PC_RPAsset.asset using Guid(4b83569d67af61e458304325a23e5dfd) Importer(2089858483,b0f066a214c2f5e87bad3c948f4d605d) (ScriptedImporter) -> (Import Result ID: '59d8e9f22cf30241ca5e13fb2883802a') in 0.1284816 seconds [static and dynamic dependencies]. Details - ImportResultOutputID=d35a6bab6e6a5cb86247dcaac0e79535 DependenciesID=95af7024de2042a28521b57d1bb21759 StaticDependenciesID=3d573e0ff48bf7ed421285a4f7e866a0 
Number of updated asset objects reloaded before import = 0Number of asset objects unloaded after import = 1

========================================================================
Received Import Request.
  Time since last request: 0.000099 seconds.
  path: Assets/TextMesh Pro/Examples & Extras/Fonts/Bangers.ttf
  importAddress: Guid(5dd49b3eacc540408c98eee0de38e0f1) Importer(2089858483,b0f066a214c2f5e87bad3c948f4d605d)
Start importing Assets/TextMesh Pro/Examples & Extras/Fonts/Bangers.ttf using Guid(5dd49b3eacc540408c98eee0de38e0f1) Importer(2089858483,b0f066a214c2f5e87bad3c948f4d605d) (ScriptedImporter) -> (Import Result ID: '203a05950e1064a595bc166992aa7e3d') in 0.034951 seconds [static and dynamic dependencies]. Details - ImportResultOutputID=4aeeff04d312fef6d02d5d2fd5d79475 DependenciesID=c7568667a545fffa3ac5f11a3a41304f StaticDependenciesID=75f5b161c2970ade0f8135657d1eb8c9 
Number of updated asset objects reloaded before import = 0Number of asset objects unloaded after import = 3

========================================================================
Received Import Request.
  Time since last request: 0.000057 seconds.
  path: Assets/TextMesh Pro/Examples & Extras/Fonts/Bangers - OFL.txt
  importAddress: Guid(efe0bf4ac872451e91612d1ae593f480) Importer(2089858483,b0f066a214c2f5e87bad3c948f4d605d)
Start importing Assets/TextMesh Pro/Examples & Extras/Fonts/Bangers - OFL.txt using Guid(efe0bf4ac872451e91612d1ae593f480) Importer(2089858483,b0f066a214c2f5e87bad3c948f4d605d) (ScriptedImporter) -> (Import Result ID: '8aaab131c0641b9a1f9b80c9e52c22f4') in 0.0269881 seconds [static and dynamic dependencies]. Details - ImportResultOutputID=5c4e964c06687f1dcc5418ef7cc3fe30 DependenciesID=1cb247832067c2627cfca0cbd8caa077 StaticDependenciesID=5db1ca7c02508236c203aebffa2d3b91 
Number of updated asset objects reloaded before import = 0Number of asset objects unloaded after import = 1

========================================================================
Received Import Request.
  Time since last request: 0.000052 seconds.
  path: Assets/QuickOutline/Resources/Shaders/OutlineMask.shader
  importAddress: Guid(341b058cd7dee4f5cba5cc59a513619e) Importer(2089858483,b0f066a214c2f5e87bad3c948f4d605d)
Start importing Assets/QuickOutline/Resources/Shaders/OutlineMask.shader using Guid(341b058cd7dee4f5cba5cc59a513619e) Importer(2089858483,b0f066a214c2f5e87bad3c948f4d605d) (ScriptedImporter) -> (Import Result ID: '4edc0ab26bd74ef457407896c37fbdbf') in 0.0301301 seconds [static and dynamic dependencies]. Details - ImportResultOutputID=82cf8eedf13a2abf35930c1cdda55a95 DependenciesID=0b695d292e4d9c6302bf3a35d326cf9a StaticDependenciesID=ddc3877ded0321391625e914b2dae1e9 
Number of updated asset objects reloaded before import = 0Number of asset objects unloaded after import = 1

========================================================================
Received Import Request.
  Time since last request: 0.000055 seconds.
  path: Assets/CurvedPoly/Editor/Materials/EditMaterial0000RP.mat
  importAddress: Guid(18c5cd2ff570937468d09de3a498b9cf) Importer(2089858483,b0f066a214c2f5e87bad3c948f4d605d)
Start importing Assets/CurvedPoly/Editor/Materials/EditMaterial0000RP.mat using Guid(18c5cd2ff570937468d09de3a498b9cf) Importer(2089858483,b0f066a214c2f5e87bad3c948f4d605d) (ScriptedImporter) -> (Import Result ID: 'd4501ddc06eceb8159f19a1d2e408cd9') in 0.4112429 seconds [static and dynamic dependencies]. Details - ImportResultOutputID=83a42259b42e5528b625178fb4230108 DependenciesID=d5ad5307b9ae8a13205772eb602d0f18 StaticDependenciesID=a6590ca01412811f2522c242d724f52d 
Number of updated asset objects reloaded before import = 0Number of asset objects unloaded after import = 6

========================================================================
Received Import Request.
  Time since last request: 0.000060 seconds.
  path: Assets/TextMesh Pro/Examples & Extras/Prefabs/TextMeshPro - Prefab 1.prefab
  importAddress: Guid(a6e39ced0ea046bcb636c3f0b2e2a745) Importer(2089858483,b0f066a214c2f5e87bad3c948f4d605d)
Start importing Assets/TextMesh Pro/Examples & Extras/Prefabs/TextMeshPro - Prefab 1.prefab using Guid(a6e39ced0ea046bcb636c3f0b2e2a745) Importer(2089858483,b0f066a214c2f5e87bad3c948f4d605d) (ScriptedImporter) -> (Import Result ID: '3d1a60e6e5115d2962beb64acc8cc940') in 0.2647819 seconds [static and dynamic dependencies]. Details - ImportResultOutputID=84780d55a80e4003ceecf1075927f9a9 DependenciesID=ef2a5f9a4f875148b8668f95b48c0b13 StaticDependenciesID=02734367dba71f983038d6ff39683de7 
Number of updated asset objects reloaded before import = 0Number of asset objects unloaded after import = 16

========================================================================
Received Import Request.
  Time since last request: 0.000046 seconds.
  path: Assets/TextMesh Pro/Examples & Extras/Scenes/12a - Text Interactions.unity
  importAddress: Guid(08572ab7713642c8a60789750f0bce5c) Importer(2089858483,b0f066a214c2f5e87bad3c948f4d605d)
Start importing Assets/TextMesh Pro/Examples & Extras/Scenes/12a - Text Interactions.unity using Guid(08572ab7713642c8a60789750f0bce5c) Importer(2089858483,b0f066a214c2f5e87bad3c948f4d605d) (ScriptedImporter) -> (Import Result ID: '3435f4df6d1842e84188836711f987d5') in 0.0552211 seconds [static and dynamic dependencies]. Details - ImportResultOutputID=07957e89882a56c064b9aef6b4650375 DependenciesID=f34f5e861a6cb54b404a44c854c4088c StaticDependenciesID=310d7e474cd94cb89012c994d16a29c7 
Number of updated asset objects reloaded before import = 0Number of asset objects unloaded after import = 1

========================================================================
Received Import Request.
  Time since last request: 0.000072 seconds.
  path: Assets/QuickOutline/Resources/Materials/OutlineFill.mat
  importAddress: Guid(311313efa011949e98b6761d652ad13c) Importer(2089858483,b0f066a214c2f5e87bad3c948f4d605d)
Start importing Assets/QuickOutline/Resources/Materials/OutlineFill.mat using Guid(311313efa011949e98b6761d652ad13c) Importer(2089858483,b0f066a214c2f5e87bad3c948f4d605d) (ScriptedImporter) -> (Import Result ID: 'd0bfa36e7767ec456f33b7fcfac6ee03') in 0.0663637 seconds [static and dynamic dependencies]. Details - ImportResultOutputID=d31ada848d6e14c06ee74614168b566b DependenciesID=917aba82daf25460a6e49f1ed3b61476 StaticDependenciesID=6890c00f4e1bc6250b1ed8bf676e85a7 
Number of updated asset objects reloaded before import = 0Number of asset objects unloaded after import = 1

========================================================================
Received Import Request.
  Time since last request: 0.000054 seconds.
  path: Assets/TextMesh Pro/Examples & Extras/Scenes/20 - Input Field with Scrollbar.unity
  importAddress: Guid(337f92480dd24675aae9e79210fb1ad9) Importer(2089858483,b0f066a214c2f5e87bad3c948f4d605d)
Start importing Assets/TextMesh Pro/Examples & Extras/Scenes/20 - Input Field with Scrollbar.unity using Guid(337f92480dd24675aae9e79210fb1ad9) Importer(2089858483,b0f066a214c2f5e87bad3c948f4d605d) (ScriptedImporter) -> (Import Result ID: '957813843602aa1d43d092b1a113e63e') in 0.050952 seconds [static and dynamic dependencies]. Details - ImportResultOutputID=15d1ba57e19aff372cd367caf86b63fc DependenciesID=542f004d1e8b0da800980cddc8f635eb StaticDependenciesID=8ad0de6c9bd6ff5632694365611bf7ff 
Number of updated asset objects reloaded before import = 0Number of asset objects unloaded after import = 1

========================================================================
Received Import Request.
  Time since last request: 0.000041 seconds.
  path: Assets/TextMesh Pro/Examples & Extras/Scenes/22 - Basic Scripting Example.unity
  importAddress: Guid(6250f98e58fe4abbaada5d84b7ca846d) Importer(2089858483,b0f066a214c2f5e87bad3c948f4d605d)
Start importing Assets/TextMesh Pro/Examples & Extras/Scenes/22 - Basic Scripting Example.unity using Guid(6250f98e58fe4abbaada5d84b7ca846d) Importer(2089858483,b0f066a214c2f5e87bad3c948f4d605d) (ScriptedImporter) -> (Import Result ID: '26ad3440bc0344ca99495b08af35b9cc') in 0.0485881 seconds [static and dynamic dependencies]. Details - ImportResultOutputID=6e88dba9360a30a423e620dae4040a9d DependenciesID=8f9fe74c2ce3b487c112565671e238d6 StaticDependenciesID=11edb9b9a4f2e6ac29886052e8fa6f18 
Number of updated asset objects reloaded before import = 0Number of asset objects unloaded after import = 1

========================================================================
Received Import Request.
  Time since last request: 0.000066 seconds.
  path: Assets/TextMesh Pro/Examples & Extras/Fonts/Anton OFL.txt
  importAddress: Guid(73a79399807f4e8388c2cbb5494681ca) Importer(2089858483,b0f066a214c2f5e87bad3c948f4d605d)
Start importing Assets/TextMesh Pro/Examples & Extras/Fonts/Anton OFL.txt using Guid(73a79399807f4e8388c2cbb5494681ca) Importer(2089858483,b0f066a214c2f5e87bad3c948f4d605d) (ScriptedImporter) -> (Import Result ID: '69b8d4c221b1265148a88de60da5fb6a') in 0.0505315 seconds [static and dynamic dependencies]. Details - ImportResultOutputID=27d87acfd646fc979f42b2a1d28a5da8 DependenciesID=a5f31101fe7174a7050b2617ac044286 StaticDependenciesID=d747db5815a8625f006fa96fe3403e64 
Number of updated asset objects reloaded before import = 0Number of asset objects unloaded after import = 1

========================================================================
Received Import Request.
  Time since last request: 0.000036 seconds.
  path: Assets/CurvedPoly/Editor/Materials/EditMaterial0001.mat
  importAddress: Guid(4dfce816ca43f734da06267a75657ff7) Importer(2089858483,b0f066a214c2f5e87bad3c948f4d605d)
Start importing Assets/CurvedPoly/Editor/Materials/EditMaterial0001.mat using Guid(4dfce816ca43f734da06267a75657ff7) Importer(2089858483,b0f066a214c2f5e87bad3c948f4d605d) (ScriptedImporter) -> (Import Result ID: '0014b51a1e31ed77a1374774f7acd24f') in 0.04103 seconds [static and dynamic dependencies]. Details - ImportResultOutputID=9ec616673db02bf84c38fb455b62108f DependenciesID=9dcbb557ce51b4500a1f579a416981c5 StaticDependenciesID=545ddb870899b28af8cb5106b56ec501 
Number of updated asset objects reloaded before import = 0Number of asset objects unloaded after import = 2

========================================================================
Received Import Request.
  Time since last request: 0.000052 seconds.
  path: Assets/TextMesh Pro/Examples & Extras/Scripts/DropdownSample.cs
  importAddress: Guid(ac1eb05af6d391b4eb0f4c070a99f1d0) Importer(2089858483,b0f066a214c2f5e87bad3c948f4d605d)
Start importing Assets/TextMesh Pro/Examples & Extras/Scripts/DropdownSample.cs using Guid(ac1eb05af6d391b4eb0f4c070a99f1d0) Importer(2089858483,b0f066a214c2f5e87bad3c948f4d605d) (ScriptedImporter) -> (Import Result ID: '1bf19d0b7d1c34f8cd124b7c575a11e4') in 0.026258 seconds [static and dynamic dependencies]. Details - ImportResultOutputID=3e34b6424974834864eb54a3228c8b4c DependenciesID=a4f7aa110c05d70a9b8700ada225ead1 StaticDependenciesID=2a6d96316ee843e55dfd9c897447081f 
Number of updated asset objects reloaded before import = 0Number of asset objects unloaded after import = 0

========================================================================
Received Import Request.
  Time since last request: 0.000056 seconds.
  path: Assets/TextMesh Pro/Examples & Extras/Scripts/Benchmark04.cs
  importAddress: Guid(dc20866c0d5e413ab7559440e15333ae) Importer(2089858483,b0f066a214c2f5e87bad3c948f4d605d)
Start importing Assets/TextMesh Pro/Examples & Extras/Scripts/Benchmark04.cs using Guid(dc20866c0d5e413ab7559440e15333ae) Importer(2089858483,b0f066a214c2f5e87bad3c948f4d605d) (ScriptedImporter) -> (Import Result ID: '168f08c061bfca855b801cb5acae72dc') in 0.027474 seconds [static and dynamic dependencies]. Details - ImportResultOutputID=04db3d1888207929374fba94eb61ad2b DependenciesID=218ad0335682b6904bfc4551eb9ddaf5 StaticDependenciesID=6bc14ac5a03fc522ff5484b060715d3d 
Number of updated asset objects reloaded before import = 0Number of asset objects unloaded after import = 0

========================================================================
Received Import Request.
  Time since last request: 0.000038 seconds.
  path: Assets/TextMesh Pro/Examples & Extras/Scripts/CameraController.cs
  importAddress: Guid(2d687537154440a3913a9a3c7977978c) Importer(2089858483,b0f066a214c2f5e87bad3c948f4d605d)
Start importing Assets/TextMesh Pro/Examples & Extras/Scripts/CameraController.cs using Guid(2d687537154440a3913a9a3c7977978c) Importer(2089858483,b0f066a214c2f5e87bad3c948f4d605d) (ScriptedImporter) -> (Import Result ID: 'c81055776eb628be39212f3737de71a8') in 0.0264361 seconds [static and dynamic dependencies]. Details - ImportResultOutputID=63ed2ec9be6a00620256807cc07587b1 DependenciesID=fd5f463574f9f5c8b0f4a6870ec99e5f StaticDependenciesID=fa4453ef15531f031799d800b78e36df 
Number of updated asset objects reloaded before import = 0Number of asset objects unloaded after import = 0

========================================================================
Received Import Request.
  Time since last request: 0.000045 seconds.
  path: Assets/TextMesh Pro/Examples & Extras/Scripts/TextMeshProFloatingText.cs
  importAddress: Guid(a4d4c76e63944cba8c7d00f56334b98c) Importer(2089858483,b0f066a214c2f5e87bad3c948f4d605d)
Start importing Assets/TextMesh Pro/Examples & Extras/Scripts/TextMeshProFloatingText.cs using Guid(a4d4c76e63944cba8c7d00f56334b98c) Importer(2089858483,b0f066a214c2f5e87bad3c948f4d605d) (ScriptedImporter) -> (Import Result ID: '01845035e20897240d40430c8b07c671') in 0.0539204 seconds [static and dynamic dependencies]. Details - ImportResultOutputID=f31d29eb6f35f81acec7d8d54c4db583 DependenciesID=278406f6f1523fb6837d14cca3589a36 StaticDependenciesID=68f10f33891c64502079fe8420591725 
Number of updated asset objects reloaded before import = 0Number of asset objects unloaded after import = 0

========================================================================
Received Import Request.
  Time since last request: 0.000060 seconds.
  path: Assets/TextMesh Pro/Examples & Extras/Scripts/TMP_FrameRateCounter.cs
  importAddress: Guid(686ec78b56aa445795335fbadafcfaa4) Importer(2089858483,b0f066a214c2f5e87bad3c948f4d605d)
Start importing Assets/TextMesh Pro/Examples & Extras/Scripts/TMP_FrameRateCounter.cs using Guid(686ec78b56aa445795335fbadafcfaa4) Importer(2089858483,b0f066a214c2f5e87bad3c948f4d605d) (ScriptedImporter) -> (Import Result ID: '49e8ea52dba3a1845982ba28688f6abe') in 0.0499501 seconds [static and dynamic dependencies]. Details - ImportResultOutputID=08278dc883c04f39133d1bd68fda10ec DependenciesID=cd2af79e77e5bd010fe7e8d50daea091 StaticDependenciesID=86e304cfad00f9a91d434c7b98e2e5f8 
Number of updated asset objects reloaded before import = 0Number of asset objects unloaded after import = 0

========================================================================
Received Import Request.
  Time since last request: 0.000041 seconds.
  path: Assets/AddOns/Mg3D_Food/Cherry.fbx
  importAddress: Guid(da4eeef492c0d1842963d6576330682d) Importer(2089858483,b0f066a214c2f5e87bad3c948f4d605d)
Start importing Assets/AddOns/Mg3D_Food/Cherry.fbx using Guid(da4eeef492c0d1842963d6576330682d) Importer(2089858483,b0f066a214c2f5e87bad3c948f4d605d) (ScriptedImporter) -> (Import Result ID: '96dba979a8201576718640c250fe81e9') in 0.0639508 seconds [static and dynamic dependencies]. Details - ImportResultOutputID=f410f38dd3e8edb01e5b2c6b8e2fc76a DependenciesID=b7d6e8e510d0f5e7a6b8c41ca1b0bd3b StaticDependenciesID=0d04f155ad5442cf04a80f91c8b2858d 
Number of updated asset objects reloaded before import = 0Number of asset objects unloaded after import = 9

========================================================================
Received Import Request.
  Time since last request: 0.000103 seconds.
  path: Assets/TextMesh Pro/Examples & Extras/Scripts/VertexJitter.cs
  importAddress: Guid(2ed57967c52645d390a89dcf8f61ba73) Importer(2089858483,b0f066a214c2f5e87bad3c948f4d605d)
Start importing Assets/TextMesh Pro/Examples & Extras/Scripts/VertexJitter.cs using Guid(2ed57967c52645d390a89dcf8f61ba73) Importer(2089858483,b0f066a214c2f5e87bad3c948f4d605d) (ScriptedImporter) -> (Import Result ID: 'e036e7d2230d1aca95236b90828e5056') in 0.0267494 seconds [static and dynamic dependencies]. Details - ImportResultOutputID=88fc5bab8eed675fcee766138eb60ef2 DependenciesID=a9bf96be533cae64783848412134fefb StaticDependenciesID=2700a116e56802fbecceb58fea111043 
Number of updated asset objects reloaded before import = 0Number of asset objects unloaded after import = 0

========================================================================
Received Import Request.
  Time since last request: 0.000069 seconds.
  path: Assets/TextMesh Pro/Examples & Extras/Sprites/DropCap Numbers.psd
  importAddress: Guid(fd09957580ac4326916010f1f260975b) Importer(2089858483,b0f066a214c2f5e87bad3c948f4d605d)
Start importing Assets/TextMesh Pro/Examples & Extras/Sprites/DropCap Numbers.psd using Guid(fd09957580ac4326916010f1f260975b) Importer(2089858483,b0f066a214c2f5e87bad3c948f4d605d) (ScriptedImporter) -> (Import Result ID: '02bd474463698c9fd06dc3b4d0f6f12e') in 0.0390804 seconds [static and dynamic dependencies]. Details - ImportResultOutputID=3f2aad7ae1d1b9c58f9ddefd551c4cfc DependenciesID=8fabefee0c7915e48dd0a84fce98b01b StaticDependenciesID=1bb91641c3b3eb75eb7312e4e14b1e74 
Number of updated asset objects reloaded before import = 0Number of asset objects unloaded after import = 1

========================================================================
Received Import Request.
  Time since last request: 0.000039 seconds.
  path: Assets/EventTrigger 1.cs
  importAddress: Guid(ebcdeab2d90472f4b8e7a0d103039b8b) Importer(2089858483,b0f066a214c2f5e87bad3c948f4d605d)
Start importing Assets/EventTrigger 1.cs using Guid(ebcdeab2d90472f4b8e7a0d103039b8b) Importer(2089858483,b0f066a214c2f5e87bad3c948f4d605d) (ScriptedImporter) -> (Import Result ID: 'b59078bb92b6e0eb7fc771d7c2c4bab5') in 0.0273959 seconds [static and dynamic dependencies]. Details - ImportResultOutputID=257eda79bfe661c12d6f8d25ec45c61c DependenciesID=2d7fa4658bdf9c82a646c91e257ff642 StaticDependenciesID=1e9f2c8593dae316078563f44eba3a47 
Number of updated asset objects reloaded before import = 0Number of asset objects unloaded after import = 0

========================================================================
Received Import Request.
  Time since last request: 0.000042 seconds.
  path: Assets/TextMesh Pro/Examples & Extras/Textures/Wipe Pattern - Circle.psd
  importAddress: Guid(10c49fcd9c64421db7c0133e61e55f97) Importer(2089858483,b0f066a214c2f5e87bad3c948f4d605d)
Start importing Assets/TextMesh Pro/Examples & Extras/Textures/Wipe Pattern - Circle.psd using Guid(10c49fcd9c64421db7c0133e61e55f97) Importer(2089858483,b0f066a214c2f5e87bad3c948f4d605d) (ScriptedImporter) -> (Import Result ID: 'e8dbadbddc6ac7f22bcebf7b4846844a') in 0.049139 seconds [static and dynamic dependencies]. Details - ImportResultOutputID=9887b039781ac3419653aa99c41a1eab DependenciesID=47bef8c08681602b67e4d17f4d47f675 StaticDependenciesID=8d1517b6d5a2e0b2f71ca265f6d73732 
Number of updated asset objects reloaded before import = 0Number of asset objects unloaded after import = 1

========================================================================
Received Import Request.
  Time since last request: 0.000058 seconds.
  path: Assets/TextMesh Pro/Examples & Extras/Textures/Text Overflow - Linked Text UI Screenshot.png
  importAddress: Guid(c76d18757a194d618355f05f815cb0a1) Importer(2089858483,b0f066a214c2f5e87bad3c948f4d605d)
Start importing Assets/TextMesh Pro/Examples & Extras/Textures/Text Overflow - Linked Text UI Screenshot.png using Guid(c76d18757a194d618355f05f815cb0a1) Importer(2089858483,b0f066a214c2f5e87bad3c948f4d605d) (ScriptedImporter) -> (Import Result ID: 'c31fbc196c857f68c8386c09850ccbfd') in 0.0391577 seconds [static and dynamic dependencies]. Details - ImportResultOutputID=9328c994aa9af567a91bded4f998ee51 DependenciesID=a0735a204d769d8d07f83cf08540a46a StaticDependenciesID=ee7e10c28bcf389ce17e6fb403f423c9 
Number of updated asset objects reloaded before import = 0Number of asset objects unloaded after import = 1

========================================================================
Received Import Request.
  Time since last request: 0.000051 seconds.
  path: Assets/Box.prefab
  importAddress: Guid(e4573addb87c9a340ae185c22f4a5284) Importer(2089858483,b0f066a214c2f5e87bad3c948f4d605d)
Start importing Assets/Box.prefab using Guid(e4573addb87c9a340ae185c22f4a5284) Importer(2089858483,b0f066a214c2f5e87bad3c948f4d605d) (ScriptedImporter) -> (Import Result ID: 'bd648bbf9fa9cfe49e239bfda107197e') in 0.0440965 seconds [static and dynamic dependencies]. Details - ImportResultOutputID=72a6fc40eac467a4ce7458292942e55d DependenciesID=b38ad719cf5dd9a82ea6514a7dabbbaa StaticDependenciesID=8e2f546f615fc90d326e8e677393b263 
Number of updated asset objects reloaded before import = 0Number of asset objects unloaded after import = 10

========================================================================
Received Import Request.
  Time since last request: 0.000059 seconds.
  path: Assets/CurvedPoly/Assets/Primitives/Simple/ChamferBox1x.asset
  importAddress: Guid(29287f3c63b59e14aa1ee9d51daaff6f) Importer(2089858483,b0f066a214c2f5e87bad3c948f4d605d)
Start importing Assets/CurvedPoly/Assets/Primitives/Simple/ChamferBox1x.asset using Guid(29287f3c63b59e14aa1ee9d51daaff6f) Importer(2089858483,b0f066a214c2f5e87bad3c948f4d605d) (ScriptedImporter) -> (Import Result ID: '2e1a2a7f954f5fb627475992bc3e1765') in 0.0301467 seconds [static and dynamic dependencies]. Details - ImportResultOutputID=73c28eee5e08ed11b49668ef5206376d DependenciesID=acc69039d3f238abc37c3668bb56f9c8 StaticDependenciesID=d59c0cf614c6300a679c9e5ef5cd7a96 
Number of updated asset objects reloaded before import = 0Number of asset objects unloaded after import = 1

========================================================================
Received Import Request.
  Time since last request: 0.000071 seconds.
  path: Assets/CurvedPoly/Assets/Primitives/Simple/ChamferBox2x.asset
  importAddress: Guid(c39572884a35df240837e6bbfa3f9074) Importer(2089858483,b0f066a214c2f5e87bad3c948f4d605d)
Start importing Assets/CurvedPoly/Assets/Primitives/Simple/ChamferBox2x.asset using Guid(c39572884a35df240837e6bbfa3f9074) Importer(2089858483,b0f066a214c2f5e87bad3c948f4d605d) (ScriptedImporter) -> (Import Result ID: '798a47b774864c65c5b9ac66461606a9') in 0.0289828 seconds [static and dynamic dependencies]. Details - ImportResultOutputID=2ed858955eb96fe6f86996cd3a9582b5 DependenciesID=4e5949095133553de598f3434defdf05 StaticDependenciesID=1e98ff600745f48c2f604104c75b4a6f 
Number of updated asset objects reloaded before import = 0Number of asset objects unloaded after import = 1

========================================================================
Received Import Request.
  Time since last request: 0.000038 seconds.
  path: Assets/TextMesh Pro/Resources/Style Sheets/Default Style Sheet.asset
  importAddress: Guid(f952c082cb03451daed3ee968ac6c63e) Importer(2089858483,b0f066a214c2f5e87bad3c948f4d605d)
Start importing Assets/TextMesh Pro/Resources/Style Sheets/Default Style Sheet.asset using Guid(f952c082cb03451daed3ee968ac6c63e) Importer(2089858483,b0f066a214c2f5e87bad3c948f4d605d) (ScriptedImporter) -> (Import Result ID: '544fda03a57bd144fa42641dc17fa66d') in 0.032744 seconds [static and dynamic dependencies]. Details - ImportResultOutputID=55dbaf83a8c38a9dcf21624793dbaa0b DependenciesID=2a8afb44705b2ff8c592a6c6dc8a6a19 StaticDependenciesID=3bd7c12e974ced77cd719696148b87d2 
Number of updated asset objects reloaded before import = 0Number of asset objects unloaded after import = 1

========================================================================
Received Import Request.
  Time since last request: 0.000057 seconds.
  path: Assets/CurvedPoly/Demo/AdvancedPrimitivesLibrary.unity
  importAddress: Guid(c2a1b3a7603806b4dafb8455ac9d3030) Importer(2089858483,b0f066a214c2f5e87bad3c948f4d605d)
Start importing Assets/CurvedPoly/Demo/AdvancedPrimitivesLibrary.unity using Guid(c2a1b3a7603806b4dafb8455ac9d3030) Importer(2089858483,b0f066a214c2f5e87bad3c948f4d605d) (ScriptedImporter) -> (Import Result ID: '126bd3a9317376815703c93ec5e4cfc2') in 0.0521842 seconds [static and dynamic dependencies]. Details - ImportResultOutputID=1c969edd6d5e0b7ecf85625494d8ef3c DependenciesID=9ad75b2cca7df3c02c1ccd25da4051c7 StaticDependenciesID=7abb90d0e22b4fe0f11a5c40801aa650 
Number of updated asset objects reloaded before import = 0Number of asset objects unloaded after import = 1

========================================================================
Received Import Request.
  Time since last request: 0.000072 seconds.
  path: Assets/CurvedPoly/Assets/Primitives/Simple/CylinderBorder4x.asset
  importAddress: Guid(e9a919132eea5934681b5b95e7120752) Importer(2089858483,b0f066a214c2f5e87bad3c948f4d605d)
Start importing Assets/CurvedPoly/Assets/Primitives/Simple/CylinderBorder4x.asset using Guid(e9a919132eea5934681b5b95e7120752) Importer(2089858483,b0f066a214c2f5e87bad3c948f4d605d) (ScriptedImporter) -> (Import Result ID: '0ec1a450d2111061692eed8b6797bf21') in 0.0314635 seconds [static and dynamic dependencies]. Details - ImportResultOutputID=d849ec587967fff9562258bc19d2138b DependenciesID=b458488d128cfbbb30fe5b41d01598bc StaticDependenciesID=a06c679633af9df200fe97cbe207e3c1 
Number of updated asset objects reloaded before import = 0Number of asset objects unloaded after import = 1

========================================================================
Received Import Request.
  Time since last request: 0.000039 seconds.
  path: Assets/CurvedPoly/Assets/Primitives/Simple/CylinderBorder1x.asset
  importAddress: Guid(bb2728c4cd40dd841ad8c2714a545ed7) Importer(2089858483,b0f066a214c2f5e87bad3c948f4d605d)
Start importing Assets/CurvedPoly/Assets/Primitives/Simple/CylinderBorder1x.asset using Guid(bb2728c4cd40dd841ad8c2714a545ed7) Importer(2089858483,b0f066a214c2f5e87bad3c948f4d605d) (ScriptedImporter) -> (Import Result ID: 'd009b2cacfc51c2176ec93ef409eecff') in 0.0296009 seconds [static and dynamic dependencies]. Details - ImportResultOutputID=77f78f51640b4958755617ddfd5da6d7 DependenciesID=dd72b4398954b93a488a3e661f9a6511 StaticDependenciesID=622853aad116b09ee90a43fd6c6ea0f6 
Number of updated asset objects reloaded before import = 0Number of asset objects unloaded after import = 1

========================================================================
Received Import Request.
  Time since last request: 0.000055 seconds.
  path: Assets/CurvedPoly/Editor/Grids/Grid 3x Step 10.asset
  importAddress: Guid(2d7a4c7c23a1b7949a7ad14d54b593cc) Importer(2089858483,b0f066a214c2f5e87bad3c948f4d605d)
Start importing Assets/CurvedPoly/Editor/Grids/Grid 3x Step 10.asset using Guid(2d7a4c7c23a1b7949a7ad14d54b593cc) Importer(2089858483,b0f066a214c2f5e87bad3c948f4d605d) (ScriptedImporter) -> (Import Result ID: '4a6c15722754bd0624aa081760a2ef0e') in 0.0277519 seconds [static and dynamic dependencies]. Details - ImportResultOutputID=d3d350685961b77c11815d2f3dbb1bb8 DependenciesID=08c76ed349e25fedcb5aaeb57d644350 StaticDependenciesID=3f318a71c70cef281d2a384e87c2fecb 
Number of updated asset objects reloaded before import = 0Number of asset objects unloaded after import = 1

========================================================================
Received Import Request.
  Time since last request: 0.000067 seconds.
  path: Assets/CurvedPoly/Assets/Primitives/Simple/Plate3x.asset
  importAddress: Guid(07451778a2a55e24cb4220551e2ccf7e) Importer(2089858483,b0f066a214c2f5e87bad3c948f4d605d)
Start importing Assets/CurvedPoly/Assets/Primitives/Simple/Plate3x.asset using Guid(07451778a2a55e24cb4220551e2ccf7e) Importer(2089858483,b0f066a214c2f5e87bad3c948f4d605d) (ScriptedImporter) -> (Import Result ID: 'c3d020ccc8a40edb9feceac13b0d7e89') in 0.0280686 seconds [static and dynamic dependencies]. Details - ImportResultOutputID=5ea674bf9d4e0d23d59866b77a6311c9 DependenciesID=8641ff35db3922697df52990256a0990 StaticDependenciesID=71f4475fbe318f1f18655d9489db38ae 
Number of updated asset objects reloaded before import = 0Number of asset objects unloaded after import = 1

========================================================================
Received Import Request.
  Time since last request: 0.000053 seconds.
  path: Assets/CurvedPoly/Assets/Primitives/Simple/PlateBorder3x.asset
  importAddress: Guid(2b70bc5cd65db5d419d686c98caf0fea) Importer(2089858483,b0f066a214c2f5e87bad3c948f4d605d)
Start importing Assets/CurvedPoly/Assets/Primitives/Simple/PlateBorder3x.asset using Guid(2b70bc5cd65db5d419d686c98caf0fea) Importer(2089858483,b0f066a214c2f5e87bad3c948f4d605d) (ScriptedImporter) -> (Import Result ID: 'ed5b962bd59afe3f4a365c7ac5aaf2e9') in 0.0320524 seconds [static and dynamic dependencies]. Details - ImportResultOutputID=651bb7328e6c7b313a558e700986a4d7 DependenciesID=30076b2269341dce27743fd9c50a1181 StaticDependenciesID=036f41a3c2846f51cf1a62688485304e 
Number of updated asset objects reloaded before import = 0Number of asset objects unloaded after import = 1

========================================================================
Received Import Request.
  Time since last request: 0.000050 seconds.
  path: Assets/CurvedPoly/Assets/Primitives/Simple/Quad3x.asset
  importAddress: Guid(5dbf1286b7eae614dae8001ef2f71107) Importer(2089858483,b0f066a214c2f5e87bad3c948f4d605d)
Start importing Assets/CurvedPoly/Assets/Primitives/Simple/Quad3x.asset using Guid(5dbf1286b7eae614dae8001ef2f71107) Importer(2089858483,b0f066a214c2f5e87bad3c948f4d605d) (ScriptedImporter) -> (Import Result ID: 'b80dd0d6de9c5d591a66ff4548bda921') in 0.0279589 seconds [static and dynamic dependencies]. Details - ImportResultOutputID=c5625fd5000c4fea99ebdc502b29b953 DependenciesID=283396b8d10095b1f94105b11db3318e StaticDependenciesID=01113135113049c71df6e8ff8b5d4ccb 
Number of updated asset objects reloaded before import = 0Number of asset objects unloaded after import = 1

========================================================================
Received Import Request.
  Time since last request: 0.000057 seconds.
  path: Assets/CurvedPoly/Assets/Primitives/Unwrapped/Cylinder2xUnwrapped.asset
  importAddress: Guid(9ba7b5bed09d671498061924a425b9cc) Importer(2089858483,b0f066a214c2f5e87bad3c948f4d605d)
Start importing Assets/CurvedPoly/Assets/Primitives/Unwrapped/Cylinder2xUnwrapped.asset using Guid(9ba7b5bed09d671498061924a425b9cc) Importer(2089858483,b0f066a214c2f5e87bad3c948f4d605d) (ScriptedImporter) -> (Import Result ID: 'c0cd7459c880f399eb4fe6a6fe02d942') in 0.0266309 seconds [static and dynamic dependencies]. Details - ImportResultOutputID=f1327496f1532c7e3fef990fc8838058 DependenciesID=89740b2aaf67df340e677a626fa38b02 StaticDependenciesID=8a21a3dfeb3d465353427580bc081038 
Number of updated asset objects reloaded before import = 0Number of asset objects unloaded after import = 1

========================================================================
Received Import Request.
  Time since last request: 0.000039 seconds.
  path: Assets/CurvedPoly/Assets/Primitives/Unwrapped/CylinderBorder1xUnwrapped.asset
  importAddress: Guid(8c86023f117c7a84599d94d42cc8ee4d) Importer(2089858483,b0f066a214c2f5e87bad3c948f4d605d)
Start importing Assets/CurvedPoly/Assets/Primitives/Unwrapped/CylinderBorder1xUnwrapped.asset using Guid(8c86023f117c7a84599d94d42cc8ee4d) Importer(2089858483,b0f066a214c2f5e87bad3c948f4d605d) (ScriptedImporter) -> (Import Result ID: '9f5430c876e178823f8928b76fe58026') in 0.0295877 seconds [static and dynamic dependencies]. Details - ImportResultOutputID=fb1d56d8b55f347013fb4411d03afffd DependenciesID=244f826f5a8f7c47a0dce72989f09735 StaticDependenciesID=e7ee608f84fcfcd2123bb251403efc26 
Number of updated asset objects reloaded before import = 0Number of asset objects unloaded after import = 1

========================================================================
Received Import Request.
  Time since last request: 0.000057 seconds.
  path: Assets/CurvedPoly/Assets/Primitives/Unwrapped/CylinderBorder4xUnwrapped.asset
  importAddress: Guid(418784eb1a9b5e246b4da20be71a1b54) Importer(2089858483,b0f066a214c2f5e87bad3c948f4d605d)
Start importing Assets/CurvedPoly/Assets/Primitives/Unwrapped/CylinderBorder4xUnwrapped.asset using Guid(418784eb1a9b5e246b4da20be71a1b54) Importer(2089858483,b0f066a214c2f5e87bad3c948f4d605d) (ScriptedImporter) -> (Import Result ID: '13567cf9a819153d48dc310b3f4a1de5') in 0.0293312 seconds [static and dynamic dependencies]. Details - ImportResultOutputID=ef7280c97e8de81fee7d2469ac5ad71d DependenciesID=d48bf66be21551ec73189e11e7a96629 StaticDependenciesID=6c5f11d6138d4d2e5a2d4a2a7990dfd3 
Number of updated asset objects reloaded before import = 0Number of asset objects unloaded after import = 1

========================================================================
Received Import Request.
  Time since last request: 0.000104 seconds.
  path: Assets/CurvedPoly/Assets/Primitives/Unwrapped/Quad4xUnwrapped.asset
  importAddress: Guid(336251a0516e21647a8954cfb4277563) Importer(2089858483,b0f066a214c2f5e87bad3c948f4d605d)
Start importing Assets/CurvedPoly/Assets/Primitives/Unwrapped/Quad4xUnwrapped.asset using Guid(336251a0516e21647a8954cfb4277563) Importer(2089858483,b0f066a214c2f5e87bad3c948f4d605d) (ScriptedImporter) -> (Import Result ID: 'd452a48afdf16c568ad1f648ded204e2') in 0.0287317 seconds [static and dynamic dependencies]. Details - ImportResultOutputID=ea7077a1e07bac799c9be74b4bd2165c DependenciesID=d0477c7b0ae1519d7fd6f3fe6f0e6aa8 StaticDependenciesID=94dd6be8fd59332842033336d436f03f 
Number of updated asset objects reloaded before import = 0Number of asset objects unloaded after import = 1

========================================================================
Received Import Request.
  Time since last request: 0.000040 seconds.
  path: Assets/CurvedPoly/Assets/Primitives/Unwrapped/PlateBorder2xUnwrapped.asset
  importAddress: Guid(a7c47715f8863ba4ebd7af2c5d9ecbf8) Importer(2089858483,b0f066a214c2f5e87bad3c948f4d605d)
Start importing Assets/CurvedPoly/Assets/Primitives/Unwrapped/PlateBorder2xUnwrapped.asset using Guid(a7c47715f8863ba4ebd7af2c5d9ecbf8) Importer(2089858483,b0f066a214c2f5e87bad3c948f4d605d) (ScriptedImporter) -> (Import Result ID: '3c26f7cbac76844cdbfb7bc7d1411d93') in 0.0289466 seconds [static and dynamic dependencies]. Details - ImportResultOutputID=428a9bbcae5a05513979619e1e342a5a DependenciesID=cfc4923c0b95b577fd82d6566676f67b StaticDependenciesID=3733bbd3ffd86a2b7e7e40b2a0fb0dd5 
Number of updated asset objects reloaded before import = 0Number of asset objects unloaded after import = 1

========================================================================
Received Import Request.
  Time since last request: 0.000043 seconds.
  path: Assets/CurvedPoly/Assets/Primitives/Unwrapped/Quad2xUnwrapped.asset
  importAddress: Guid(faa62a7a84d85b94b92d4c4b7e84a36c) Importer(2089858483,b0f066a214c2f5e87bad3c948f4d605d)
Start importing Assets/CurvedPoly/Assets/Primitives/Unwrapped/Quad2xUnwrapped.asset using Guid(faa62a7a84d85b94b92d4c4b7e84a36c) Importer(2089858483,b0f066a214c2f5e87bad3c948f4d605d) (ScriptedImporter) -> (Import Result ID: '1fc0f5b67bd8dc77adc73899a6d5ddc6') in 0.026718 seconds [static and dynamic dependencies]. Details - ImportResultOutputID=91588812ccdeb1b8b3242c9efbd95ac2 DependenciesID=a641dc6865f116f11c491555e2da54fa StaticDependenciesID=92451abc4675268711f3e89b705d8ab5 
Number of updated asset objects reloaded before import = 0Number of asset objects unloaded after import = 1

========================================================================
Received Import Request.
  Time since last request: 0.000056 seconds.
  path: Assets/CurvedPoly/Editor/Icons/actions/growselection.png
  importAddress: Guid(581bb2d1bc7702644a64106005bc1edf) Importer(2089858483,b0f066a214c2f5e87bad3c948f4d605d)
Start importing Assets/CurvedPoly/Editor/Icons/actions/growselection.png using Guid(581bb2d1bc7702644a64106005bc1edf) Importer(2089858483,b0f066a214c2f5e87bad3c948f4d605d) (ScriptedImporter) -> (Import Result ID: '6216e36aae8cf2e13ffa646fe2d5e2b6') in 0.0485306 seconds [static and dynamic dependencies]. Details - ImportResultOutputID=d4c6061659b740f8aca1662e0b633bc1 DependenciesID=3d1f0d1b33d4c921d3acd8491842389f StaticDependenciesID=037c95bce8013b649f04e330a3a88915 
Number of updated asset objects reloaded before import = 0Number of asset objects unloaded after import = 2

========================================================================
Received Import Request.
  Time since last request: 0.000041 seconds.
  path: Assets/CurvedPoly/Editor/Icons/actions/hideOperator.png
  importAddress: Guid(7318564a36412a14c953ff2fa8aebd66) Importer(2089858483,b0f066a214c2f5e87bad3c948f4d605d)
Start importing Assets/CurvedPoly/Editor/Icons/actions/hideOperator.png using Guid(7318564a36412a14c953ff2fa8aebd66) Importer(2089858483,b0f066a214c2f5e87bad3c948f4d605d) (ScriptedImporter) -> (Import Result ID: 'ea6fd8e1a227d0432c8e8bd911386730') in 0.0418204 seconds [static and dynamic dependencies]. Details - ImportResultOutputID=6cc06b9eeede43c298abf9e5adf5fd67 DependenciesID=db1dc10b1d6af980e794852406f7c155 StaticDependenciesID=e539b8a2f6540f25e0498df469680a73 
Number of updated asset objects reloaded before import = 0Number of asset objects unloaded after import = 3

========================================================================
Received Import Request.
  Time since last request: 0.000047 seconds.
  path: Assets/TextMesh Pro/Examples & Extras/Materials/Crate - Surface Shader Scene.mat
  importAddress: Guid(e6b9b44320f4448d9d5e0ee634259966) Importer(2089858483,b0f066a214c2f5e87bad3c948f4d605d)
Start importing Assets/TextMesh Pro/Examples & Extras/Materials/Crate - Surface Shader Scene.mat using Guid(e6b9b44320f4448d9d5e0ee634259966) Importer(2089858483,b0f066a214c2f5e87bad3c948f4d605d) (ScriptedImporter) -> (Import Result ID: 'bf3c961a2ce203c36d733390475d6a96') in 0.0596069 seconds [static and dynamic dependencies]. Details - ImportResultOutputID=22051497708f006f074ef6d502e31a74 DependenciesID=b79c3b3a283fbc152bcc41f6973048b6 StaticDependenciesID=e1d8c9948a975f93a8713111cd3ae9bf 
Number of updated asset objects reloaded before import = 0Number of asset objects unloaded after import = 3

========================================================================
Received Import Request.
  Time since last request: 0.000059 seconds.
  path: Assets/CurvedPoly/Editor/Icons/backgrounds/alignbackground.png
  importAddress: Guid(680aa7a54f2f38345913517a27e368dc) Importer(2089858483,b0f066a214c2f5e87bad3c948f4d605d)
Start importing Assets/CurvedPoly/Editor/Icons/backgrounds/alignbackground.png using Guid(680aa7a54f2f38345913517a27e368dc) Importer(2089858483,b0f066a214c2f5e87bad3c948f4d605d) (ScriptedImporter) -> (Import Result ID: 'b29db2ffe6b3e40fc71b714b77e91ca3') in 0.032106 seconds [static and dynamic dependencies]. Details - ImportResultOutputID=7a005bc22d5163fcc4e5c46439341ad1 DependenciesID=dd31239e9dfa017dd6c6148356f251d6 StaticDependenciesID=c41529b51e45d9b2ad052e747af86cea 
Number of updated asset objects reloaded before import = 0Number of asset objects unloaded after import = 2

========================================================================
Received Import Request.
  Time since last request: 0.000040 seconds.
  path: Assets/CurvedPoly/Editor/Icons/actions/selectAllVertices.png
  importAddress: Guid(1d2a79b2dff9ed942b67ea42ff1414da) Importer(2089858483,b0f066a214c2f5e87bad3c948f4d605d)
Start importing Assets/CurvedPoly/Editor/Icons/actions/selectAllVertices.png using Guid(1d2a79b2dff9ed942b67ea42ff1414da) Importer(2089858483,b0f066a214c2f5e87bad3c948f4d605d) (ScriptedImporter) -> (Import Result ID: '6b91ffd729fc4f9c357ce3db23da72fc') in 0.0371474 seconds [static and dynamic dependencies]. Details - ImportResultOutputID=a780942c17fb456ae6d4c447574cb7af DependenciesID=e9f1412d6feafb597dded0f65a95b7fe StaticDependenciesID=86e238f14afd3073da908b0b59ee57e5 
Number of updated asset objects reloaded before import = 0Number of asset objects unloaded after import = 3

========================================================================
Received Import Request.
  Time since last request: 0.000056 seconds.
  path: Assets/CurvedPoly/Editor/Icons/backgrounds/deletebackground.png
  importAddress: Guid(c5e101455078f794c93568053c46a5ec) Importer(2089858483,b0f066a214c2f5e87bad3c948f4d605d)
Start importing Assets/CurvedPoly/Editor/Icons/backgrounds/deletebackground.png using Guid(c5e101455078f794c93568053c46a5ec) Importer(2089858483,b0f066a214c2f5e87bad3c948f4d605d) (ScriptedImporter) -> (Import Result ID: '4bfe03a233fb642a8d453f71062ca1da') in 0.0393009 seconds [static and dynamic dependencies]. Details - ImportResultOutputID=7d2ca73d4cf652d3ef06a92a29a2ceb4 DependenciesID=c438c0d0654f6d6b759bc662d5307aa9 StaticDependenciesID=7c97c48dbacfd9a8b460f3c27add4e6a 
Number of updated asset objects reloaded before import = 0Number of asset objects unloaded after import = 2

========================================================================
Received Import Request.
  Time since last request: 0.000050 seconds.
  path: Assets/CurvedPoly/Editor/Icons/backgrounds/createbackground.png
  importAddress: Guid(c11342ae5fc9ffb42973ad9bf538cf35) Importer(2089858483,b0f066a214c2f5e87bad3c948f4d605d)
Start importing Assets/CurvedPoly/Editor/Icons/backgrounds/createbackground.png using Guid(c11342ae5fc9ffb42973ad9bf538cf35) Importer(2089858483,b0f066a214c2f5e87bad3c948f4d605d) (ScriptedImporter) -> (Import Result ID: '46aebe263f24e2035501389b905a10f4') in 0.210357 seconds [static and dynamic dependencies]. Details - ImportResultOutputID=26a9881b4e0a242068c939cd5d436e49 DependenciesID=c9149f02f76f08fe1a7edb256efd54f4 StaticDependenciesID=ae6d505393ca71aabf950ccef9e30b8f 
Number of updated asset objects reloaded before import = 0Number of asset objects unloaded after import = 2

========================================================================
Received Import Request.
  Time since last request: 0.000045 seconds.
  path: Assets/CurvedPoly/Editor/Icons/create/createCircles.png
  importAddress: Guid(31a687afaa623004b9c70f9dac9b02d9) Importer(2089858483,b0f066a214c2f5e87bad3c948f4d605d)
Start importing Assets/CurvedPoly/Editor/Icons/create/createCircles.png using Guid(31a687afaa623004b9c70f9dac9b02d9) Importer(2089858483,b0f066a214c2f5e87bad3c948f4d605d) (ScriptedImporter) -> (Import Result ID: '97e09b9557fde21d50f42546fec190be') in 0.0381131 seconds [static and dynamic dependencies]. Details - ImportResultOutputID=4a3c47bc21a7af750751912d79d882d5 DependenciesID=bcbf756bef4a05bf787977db969e01a9 StaticDependenciesID=bb6ba8b11a528cf02e93f3f6b259e3fb 
Number of updated asset objects reloaded before import = 0Number of asset objects unloaded after import = 2

========================================================================
Received Import Request.
  Time since last request: 0.000065 seconds.
  path: Assets/CurvedPoly/Editor/Icons/backgrounds/grids.png
  importAddress: Guid(52ef52bdd540feb478d88da5443f5995) Importer(2089858483,b0f066a214c2f5e87bad3c948f4d605d)
Start importing Assets/CurvedPoly/Editor/Icons/backgrounds/grids.png using Guid(52ef52bdd540feb478d88da5443f5995) Importer(2089858483,b0f066a214c2f5e87bad3c948f4d605d) (ScriptedImporter) -> (Import Result ID: '2ea2c6a09407bbff538cd89875bd2982') in 0.0597631 seconds [static and dynamic dependencies]. Details - ImportResultOutputID=ce152c08c0cd837f58aedb03caf2563f DependenciesID=6a5d5e8f14ffda1c51fb3d1eb53b7038 StaticDependenciesID=e9b298fe2412a1970dca5e425d7db3ed 
Number of updated asset objects reloaded before import = 0Number of asset objects unloaded after import = 2

========================================================================
Received Import Request.
  Time since last request: 0.000037 seconds.
  path: Assets/CurvedPoly/Assets/Models/BottleDecoration.asset
  importAddress: Guid(64925b9d53a47724a9736f3de7600f9b) Importer(2089858483,b0f066a214c2f5e87bad3c948f4d605d)
Start importing Assets/CurvedPoly/Assets/Models/BottleDecoration.asset using Guid(64925b9d53a47724a9736f3de7600f9b) Importer(2089858483,b0f066a214c2f5e87bad3c948f4d605d) (ScriptedImporter) -> (Import Result ID: '4043c30180bb53ae22cb484449e7e23e') in 0.0271198 seconds [static and dynamic dependencies]. Details - ImportResultOutputID=e2658272e6ac32e311ed1a0200d12a9d DependenciesID=e77ccc1f1abbb1bb8c6ebd1722926a73 StaticDependenciesID=383afdf3f31bebcc38fe443c8257fc06 
Number of updated asset objects reloaded before import = 0Number of asset objects unloaded after import = 1

========================================================================
Received Import Request.
  Time since last request: 0.000058 seconds.
  path: Assets/CurvedPoly/Editor/Icons/create/createQuadsSphere.png
  importAddress: Guid(129318044c1a84748b16ff0a2d1792a5) Importer(2089858483,b0f066a214c2f5e87bad3c948f4d605d)
Start importing Assets/CurvedPoly/Editor/Icons/create/createQuadsSphere.png using Guid(129318044c1a84748b16ff0a2d1792a5) Importer(2089858483,b0f066a214c2f5e87bad3c948f4d605d) (ScriptedImporter) -> (Import Result ID: '2095a2a017e888f0949177b79028de0b') in 0.035444 seconds [static and dynamic dependencies]. Details - ImportResultOutputID=95810ae687698e053d26553541bd4ade DependenciesID=6d3317ae5df47922de30d39cf743d1b9 StaticDependenciesID=0775a0aefd07d92119a27ba53f61ddee 
Number of updated asset objects reloaded before import = 0Number of asset objects unloaded after import = 2

========================================================================
Received Import Request.
  Time since last request: 0.000036 seconds.
  path: Assets/CurvedPoly/Editor/Icons/create/createSphereUV.png
  importAddress: Guid(6d857aa2c0054384489304fea97095b5) Importer(2089858483,b0f066a214c2f5e87bad3c948f4d605d)
Start importing Assets/CurvedPoly/Editor/Icons/create/createSphereUV.png using Guid(6d857aa2c0054384489304fea97095b5) Importer(2089858483,b0f066a214c2f5e87bad3c948f4d605d) (ScriptedImporter) -> (Import Result ID: 'a63ffb9afd7fe49bf6fad9eec15611b4') in 0.0351763 seconds [static and dynamic dependencies]. Details - ImportResultOutputID=b159b11d1fae2330f6d07d31c490de22 DependenciesID=bec2790a3bf167d8557d3cfff33884f4 StaticDependenciesID=ef8c80a8356f9f87ab3384ef8b01d024 
Number of updated asset objects reloaded before import = 0Number of asset objects unloaded after import = 2

========================================================================
Received Import Request.
  Time since last request: 0.000042 seconds.
  path: Assets/CurvedPoly/Editor/Icons/create/createPlate.png
  importAddress: Guid(dd031a6a9ea001a41b1fc42391704207) Importer(2089858483,b0f066a214c2f5e87bad3c948f4d605d)
Start importing Assets/CurvedPoly/Editor/Icons/create/createPlate.png using Guid(dd031a6a9ea001a41b1fc42391704207) Importer(2089858483,b0f066a214c2f5e87bad3c948f4d605d) (ScriptedImporter) -> (Import Result ID: 'e2e06f403ed25f7a069f70ce3d15399b') in 0.0369786 seconds [static and dynamic dependencies]. Details - ImportResultOutputID=d21ff6a0b6e1f1ed5b58d77fbec530ad DependenciesID=d53b207f6be013c3066a27e6d98ba5d1 StaticDependenciesID=0646a503f4082fa3732c39ad6f2b4c5c 
Number of updated asset objects reloaded before import = 0Number of asset objects unloaded after import = 2

========================================================================
Received Import Request.
  Time since last request: 0.000054 seconds.
  path: Assets/CurvedPoly/Editor/Icons/edit/cornersoption.png
  importAddress: Guid(6f71b791f4cb84c49aa55d4b5707b680) Importer(2089858483,b0f066a214c2f5e87bad3c948f4d605d)
Start importing Assets/CurvedPoly/Editor/Icons/edit/cornersoption.png using Guid(6f71b791f4cb84c49aa55d4b5707b680) Importer(2089858483,b0f066a214c2f5e87bad3c948f4d605d) (ScriptedImporter) -> (Import Result ID: '3864c84f610b5a5094b4967504d2603a') in 0.0349268 seconds [static and dynamic dependencies]. Details - ImportResultOutputID=cba4d87d414170bbcb81499c2759f12c DependenciesID=2d8d167d680cb2c5853032b91417e509 StaticDependenciesID=498f7d406aad99741108d7c3dce4b18f 
Number of updated asset objects reloaded before import = 0Number of asset objects unloaded after import = 2

========================================================================
Received Import Request.
  Time since last request: 0.000038 seconds.
  path: Assets/CurvedPoly/Editor/Icons/edit/cancelselectedpolygons.png
  importAddress: Guid(4acdb6c16d014de43a8bbefdc9baf9cb) Importer(2089858483,b0f066a214c2f5e87bad3c948f4d605d)
Start importing Assets/CurvedPoly/Editor/Icons/edit/cancelselectedpolygons.png using Guid(4acdb6c16d014de43a8bbefdc9baf9cb) Importer(2089858483,b0f066a214c2f5e87bad3c948f4d605d) (ScriptedImporter) -> (Import Result ID: '462e03277c74363eb52fe46f7130738a') in 0.0363382 seconds [static and dynamic dependencies]. Details - ImportResultOutputID=a25a2d97cddf3e8e3c7f4cccc58d1120 DependenciesID=71eff87026e51fe1308d52d992c03616 StaticDependenciesID=75ff912a01480ccadbe057dc8adbc53a 
Number of updated asset objects reloaded before import = 0Number of asset objects unloaded after import = 2

========================================================================
Received Import Request.
  Time since last request: 0.000043 seconds.
  path: Assets/CurvedPoly/Editor/Icons/create/CreateOperatorIconsDB.asset
  importAddress: Guid(12715748b92d3a44faf42172732eae5c) Importer(2089858483,b0f066a214c2f5e87bad3c948f4d605d)
Start importing Assets/CurvedPoly/Editor/Icons/create/CreateOperatorIconsDB.asset using Guid(12715748b92d3a44faf42172732eae5c) Importer(2089858483,b0f066a214c2f5e87bad3c948f4d605d) (ScriptedImporter) -> (Import Result ID: '8358a4344788bf38301d22275564fd3f') in 0.0285442 seconds [static and dynamic dependencies]. Details - ImportResultOutputID=e34ceb3a320f673bda5ffe97fd77bd19 DependenciesID=e75eef5c5cf1c5e0ccc123ea1b4d9469 StaticDependenciesID=23764a5a41435c065d4a47f1b626097f 
Number of updated asset objects reloaded before import = 0Number of asset objects unloaded after import = 1

========================================================================
Received Import Request.
  Time since last request: 0.000057 seconds.
  path: Assets/CurvedPoly/Editor/Icons/edit/makeedgescurved.png
  importAddress: Guid(c93f60d001902ed48b075716686bdb53) Importer(2089858483,b0f066a214c2f5e87bad3c948f4d605d)
Start importing Assets/CurvedPoly/Editor/Icons/edit/makeedgescurved.png using Guid(c93f60d001902ed48b075716686bdb53) Importer(2089858483,b0f066a214c2f5e87bad3c948f4d605d) (ScriptedImporter) -> (Import Result ID: 'f0b3b1bed42a064b198776211a7c8da2') in 0.0337695 seconds [static and dynamic dependencies]. Details - ImportResultOutputID=b8c8f624ab6a8ba52435c4cf793ce390 DependenciesID=4bf512c18cae0ec3f563ac0276cc6403 StaticDependenciesID=0c0432e49c962a2cf497240e8af62e0b 
Number of updated asset objects reloaded before import = 0Number of asset objects unloaded after import = 2

========================================================================
Received Import Request.
  Time since last request: 0.000038 seconds.
  path: Assets/CurvedPoly/Editor/Icons/edit/createholejoint.png
  importAddress: Guid(4029529437d926044893cc8723ad2182) Importer(2089858483,b0f066a214c2f5e87bad3c948f4d605d)
Start importing Assets/CurvedPoly/Editor/Icons/edit/createholejoint.png using Guid(4029529437d926044893cc8723ad2182) Importer(2089858483,b0f066a214c2f5e87bad3c948f4d605d) (ScriptedImporter) -> (Import Result ID: '5ef0bd111a35eb72332d8b5d5ae03b57') in 0.0330434 seconds [static and dynamic dependencies]. Details - ImportResultOutputID=73536894a2afe69651575641815d8ba1 DependenciesID=2b5f44b7218d64e81bdbb22b1b6b3fcf StaticDependenciesID=edd0a1085d1577347442d31e3430174f 
Number of updated asset objects reloaded before import = 0Number of asset objects unloaded after import = 2

========================================================================
Received Import Request.
  Time since last request: 0.000043 seconds.
  path: Assets/CurvedPoly/Editor/Icons/edit/makeedgeslinear.png
  importAddress: Guid(a4b8cc6f74ccbcc43a87f3fe2ed63afa) Importer(2089858483,b0f066a214c2f5e87bad3c948f4d605d)
Start importing Assets/CurvedPoly/Editor/Icons/edit/makeedgeslinear.png using Guid(a4b8cc6f74ccbcc43a87f3fe2ed63afa) Importer(2089858483,b0f066a214c2f5e87bad3c948f4d605d) (ScriptedImporter) -> (Import Result ID: '1f828aeea64276e7213202648431a2f9') in 0.0357483 seconds [static and dynamic dependencies]. Details - ImportResultOutputID=7a7a3f5ddfbabeb290c61c4a05c90115 DependenciesID=bc1c25e03273833469d121879e1c4fc2 StaticDependenciesID=96c937ec5eed4173217d0e91abbbf927 
Number of updated asset objects reloaded before import = 0Number of asset objects unloaded after import = 2

========================================================================
Received Import Request.
  Time since last request: 0.000059 seconds.
  path: Assets/CurvedPoly/Editor/Icons/edit/makeverticessharp.png
  importAddress: Guid(dc03ae5bad79e4540ab8070f891f6cf7) Importer(2089858483,b0f066a214c2f5e87bad3c948f4d605d)
Start importing Assets/CurvedPoly/Editor/Icons/edit/makeverticessharp.png using Guid(dc03ae5bad79e4540ab8070f891f6cf7) Importer(2089858483,b0f066a214c2f5e87bad3c948f4d605d) (ScriptedImporter) -> (Import Result ID: '29939de32f451a9cb88930876e0475a7') in 0.0668602 seconds [static and dynamic dependencies]. Details - ImportResultOutputID=c2c82d8d7e9a40057a20a2bcbe9f31c3 DependenciesID=4b030d8eb343850562c5be4ebb844a82 StaticDependenciesID=2e52880bd870269185414cf8db0862a5 
Number of updated asset objects reloaded before import = 0Number of asset objects unloaded after import = 2

========================================================================
Received Import Request.
  Time since last request: 0.000046 seconds.
  path: Assets/CurvedPoly/Editor/Icons/edit/normalizehandlesdirections.png
  importAddress: Guid(fcd9d17e2c2a12842aa569670eecbe1a) Importer(2089858483,b0f066a214c2f5e87bad3c948f4d605d)
Start importing Assets/CurvedPoly/Editor/Icons/edit/normalizehandlesdirections.png using Guid(fcd9d17e2c2a12842aa569670eecbe1a) Importer(2089858483,b0f066a214c2f5e87bad3c948f4d605d) (ScriptedImporter) -> (Import Result ID: '0b38788b96532a3a3ade405dc8d772a7') in 0.0398163 seconds [static and dynamic dependencies]. Details - ImportResultOutputID=b55c93f67c1f7a967a55891d5e888cb7 DependenciesID=090b08f445b3bb203fffd1d17ff29dcc StaticDependenciesID=e22bc02ad68715df6062b78176e5fa37 
Number of updated asset objects reloaded before import = 0Number of asset objects unloaded after import = 2

========================================================================
Received Import Request.
  Time since last request: 0.000059 seconds.
  path: Assets/CurvedPoly/Editor/Icons/elasticities/axisnormalsettings.png
  importAddress: Guid(e74d2196b35c7de49ae35320268b866d) Importer(2089858483,b0f066a214c2f5e87bad3c948f4d605d)
Start importing Assets/CurvedPoly/Editor/Icons/elasticities/axisnormalsettings.png using Guid(e74d2196b35c7de49ae35320268b866d) Importer(2089858483,b0f066a214c2f5e87bad3c948f4d605d) (ScriptedImporter) -> (Import Result ID: '3d78d28038f638c610374efe84b5f6c5') in 0.0341484 seconds [static and dynamic dependencies]. Details - ImportResultOutputID=b06da97a5d81e83d58ad691eb9afc9eb DependenciesID=2186badaef86f7b21a5a1a25c5b9ddff StaticDependenciesID=54e7ac109f50cceaf091e505b064bafd 
Number of updated asset objects reloaded before import = 0Number of asset objects unloaded after import = 2

========================================================================
Received Import Request.
  Time since last request: 0.000057 seconds.
  path: Assets/CurvedPoly/Editor/Icons/elasticities/balancenormal.png
  importAddress: Guid(77cfef7948c0bca48a0f3aa9de81e66b) Importer(2089858483,b0f066a214c2f5e87bad3c948f4d605d)
Start importing Assets/CurvedPoly/Editor/Icons/elasticities/balancenormal.png using Guid(77cfef7948c0bca48a0f3aa9de81e66b) Importer(2089858483,b0f066a214c2f5e87bad3c948f4d605d) (ScriptedImporter) -> (Import Result ID: 'fcec0622a23ac36d0edb246f0e6a4f63') in 0.0650907 seconds [static and dynamic dependencies]. Details - ImportResultOutputID=30c1f96c2254151c8ff898e23d79eff9 DependenciesID=8bcf9da367e017b78df85b5e490ad4df StaticDependenciesID=6d9ff5f858c66f42af6f7eb74f176339 
Number of updated asset objects reloaded before import = 0Number of asset objects unloaded after import = 2

========================================================================
Received Import Request.
  Time since last request: 0.000041 seconds.
  path: Assets/CurvedPoly/Editor/Icons/edit/revertpolygons.png
  importAddress: Guid(3fea724949882a5488f62198b81fe310) Importer(2089858483,b0f066a214c2f5e87bad3c948f4d605d)
Start importing Assets/CurvedPoly/Editor/Icons/edit/revertpolygons.png using Guid(3fea724949882a5488f62198b81fe310) Importer(2089858483,b0f066a214c2f5e87bad3c948f4d605d) (ScriptedImporter) -> (Import Result ID: '60c85316f59e2aff9b5b4c0764a171f3') in 0.0658665 seconds [static and dynamic dependencies]. Details - ImportResultOutputID=f1c9fba950d851a6bec944b9d87c1b5b DependenciesID=51a235127aeb5eb6ff3a91de0baa3668 StaticDependenciesID=b1b583d24a5dcb79fcea196e560a87f0 
Number of updated asset objects reloaded before import = 0Number of asset objects unloaded after import = 2

========================================================================
Received Import Request.
  Time since last request: 0.000052 seconds.
  path: Assets/CurvedPoly/Editor/Icons/general/bigbuttonhover.png
  importAddress: Guid(d870e6069b4f9b7449d0d03a3e5c5ac8) Importer(2089858483,b0f066a214c2f5e87bad3c948f4d605d)
Start importing Assets/CurvedPoly/Editor/Icons/general/bigbuttonhover.png using Guid(d870e6069b4f9b7449d0d03a3e5c5ac8) Importer(2089858483,b0f066a214c2f5e87bad3c948f4d605d) (ScriptedImporter) -> (Import Result ID: '511ff15c684ea262c3d5ee1ce7ad7fdc') in 0.0613184 seconds [static and dynamic dependencies]. Details - ImportResultOutputID=1fd10bb7bce85c53f2ab14154635796e DependenciesID=420507ae9ed736fbc87c479fe036c856 StaticDependenciesID=8e52293b149bced0ac63d92b77dca247 
Number of updated asset objects reloaded before import = 0Number of asset objects unloaded after import = 2

========================================================================
Received Import Request.
  Time since last request: 0.000073 seconds.
  path: Assets/CurvedPoly/Editor/Icons/general/home.png
  importAddress: Guid(83f7380223c5b81448883946a13272da) Importer(2089858483,b0f066a214c2f5e87bad3c948f4d605d)
Start importing Assets/CurvedPoly/Editor/Icons/general/home.png using Guid(83f7380223c5b81448883946a13272da) Importer(2089858483,b0f066a214c2f5e87bad3c948f4d605d) (ScriptedImporter) -> (Import Result ID: '03607437b364d5b75f7622982bc662fd') in 0.0526929 seconds [static and dynamic dependencies]. Details - ImportResultOutputID=71e72a40d177968f6de686696971b059 DependenciesID=50bde9ed06564d6e8b54430a8d5388a4 StaticDependenciesID=d09e13aef25a81ec0639bbb43d643a56 
Number of updated asset objects reloaded before import = 0Number of asset objects unloaded after import = 2

========================================================================
Received Import Request.
  Time since last request: 0.000043 seconds.
  path: Assets/CurvedPoly/Editor/Icons/elasticities/edgenormalsettings.png
  importAddress: Guid(f6ebd3a292db8284b950c6d5c4ca9cee) Importer(2089858483,b0f066a214c2f5e87bad3c948f4d605d)
Start importing Assets/CurvedPoly/Editor/Icons/elasticities/edgenormalsettings.png using Guid(f6ebd3a292db8284b950c6d5c4ca9cee) Importer(2089858483,b0f066a214c2f5e87bad3c948f4d605d) (ScriptedImporter) -> (Import Result ID: 'f7677d1601a3f67c74753bb8ae354cb1') in 0.053091 seconds [static and dynamic dependencies]. Details - ImportResultOutputID=3d73e4a4b43b0b89d77b194e55477240 DependenciesID=b8aa8d8d219527dbf29786002a2ff818 StaticDependenciesID=febd84696f1c960e8a0479ec8b6629c5 
Number of updated asset objects reloaded before import = 0Number of asset objects unloaded after import = 2

========================================================================
Received Import Request.
  Time since last request: 0.000056 seconds.
  path: Assets/CurvedPoly/Editor/Icons/general/settings.png
  importAddress: Guid(04e61112c25f1aa4e9ba5f9ca9eadb8c) Importer(2089858483,b0f066a214c2f5e87bad3c948f4d605d)
Start importing Assets/CurvedPoly/Editor/Icons/general/settings.png using Guid(04e61112c25f1aa4e9ba5f9ca9eadb8c) Importer(2089858483,b0f066a214c2f5e87bad3c948f4d605d) (ScriptedImporter) -> (Import Result ID: 'dd0866892a6375e84b2fac4a83704df1') in 0.0683133 seconds [static and dynamic dependencies]. Details - ImportResultOutputID=661c4ad957f31d2917319ab78131c395 DependenciesID=316c5970c108692634c2716a5ff7e297 StaticDependenciesID=5f71e6fd1b7152095dd8e492d99e643d 
Number of updated asset objects reloaded before import = 0Number of asset objects unloaded after import = 2

========================================================================
Received Import Request.
  Time since last request: 0.000072 seconds.
  path: Assets/CurvedPoly/Editor/Icons/general/minibuttonnormal.png
  importAddress: Guid(57875c48e4ada80459e5b9bebce9becc) Importer(2089858483,b0f066a214c2f5e87bad3c948f4d605d)
Start importing Assets/CurvedPoly/Editor/Icons/general/minibuttonnormal.png using Guid(57875c48e4ada80459e5b9bebce9becc) Importer(2089858483,b0f066a214c2f5e87bad3c948f4d605d) (ScriptedImporter) -> (Import Result ID: '713967f672fe501e39bec85fe01ce8ca') in 0.047773 seconds [static and dynamic dependencies]. Details - ImportResultOutputID=79db7694a16a0ee5fc78bc21e7bda73b DependenciesID=263fdfca3426e0f8ccba4335507b1ad8 StaticDependenciesID=6a11cdeeb61b361e1d4217d1ba79df22 
Number of updated asset objects reloaded before import = 0Number of asset objects unloaded after import = 2

========================================================================
Received Import Request.
  Time since last request: 0.000081 seconds.
  path: Assets/CurvedPoly/Editor/Icons/handles/curveshandles.png
  importAddress: Guid(1032048cc69aaa1409166649cdbe250d) Importer(2089858483,b0f066a214c2f5e87bad3c948f4d605d)
Start importing Assets/CurvedPoly/Editor/Icons/handles/curveshandles.png using Guid(1032048cc69aaa1409166649cdbe250d) Importer(2089858483,b0f066a214c2f5e87bad3c948f4d605d) (ScriptedImporter) -> (Import Result ID: 'c0879b0c460fb618657b3c52bde168c8') in 0.0634612 seconds [static and dynamic dependencies]. Details - ImportResultOutputID=466080c4a06ab4bff58da5badbfb4abb DependenciesID=8a9bb0233e2c1d2e66e7558d1a4a527a StaticDependenciesID=9aae0a9e9bc9be67fb3fbbfcd827cfa8 
Number of updated asset objects reloaded before import = 0Number of asset objects unloaded after import = 2

========================================================================
Received Import Request.
  Time since last request: 0.000064 seconds.
  path: Assets/CurvedPoly/Editor/Icons/geometry/resetgeometrybymaterial.png
  importAddress: Guid(9c4d30a246cbd924abca531c8b912ab0) Importer(2089858483,b0f066a214c2f5e87bad3c948f4d605d)
Start importing Assets/CurvedPoly/Editor/Icons/geometry/resetgeometrybymaterial.png using Guid(9c4d30a246cbd924abca531c8b912ab0) Importer(2089858483,b0f066a214c2f5e87bad3c948f4d605d) (ScriptedImporter) -> (Import Result ID: '8151be87767e0884eda741b0ff5da3b6') in 0.0519492 seconds [static and dynamic dependencies]. Details - ImportResultOutputID=a897e23468ef786c5a63c0b424c12f9e DependenciesID=d8e8d38397d872e59382e82ca8b6bf76 StaticDependenciesID=22eefb74352962da2ad7a69e18355f79 
Number of updated asset objects reloaded before import = 0Number of asset objects unloaded after import = 1

========================================================================
Received Import Request.
  Time since last request: 0.000049 seconds.
  path: Assets/CurvedPoly/Editor/Icons/general/minibuttonactive.png
  importAddress: Guid(9cf3bbd26885b8941b38941172da32cc) Importer(2089858483,b0f066a214c2f5e87bad3c948f4d605d)
Start importing Assets/CurvedPoly/Editor/Icons/general/minibuttonactive.png using Guid(9cf3bbd26885b8941b38941172da32cc) Importer(2089858483,b0f066a214c2f5e87bad3c948f4d605d) (ScriptedImporter) -> (Import Result ID: '52bda6c3634135efb7869005ecaa2fb7') in 0.0402291 seconds [static and dynamic dependencies]. Details - ImportResultOutputID=e87813f61a39b85e33936204794eeab5 DependenciesID=601ef665d81ea45e17c44cd96294ef14 StaticDependenciesID=b49703669ad6fc8b9a7a0e88e5863b88 
Number of updated asset objects reloaded before import = 0Number of asset objects unloaded after import = 3

========================================================================
Received Import Request.
  Time since last request: 0.000058 seconds.
  path: Assets/CurvedPoly/Editor/Icons/handles/hintsandles.png
  importAddress: Guid(9d6bb217c7fd12e428c909a73c4034f5) Importer(2089858483,b0f066a214c2f5e87bad3c948f4d605d)
Start importing Assets/CurvedPoly/Editor/Icons/handles/hintsandles.png using Guid(9d6bb217c7fd12e428c909a73c4034f5) Importer(2089858483,b0f066a214c2f5e87bad3c948f4d605d) (ScriptedImporter) -> (Import Result ID: '34209cf22aabc63c3fedfd55453113db') in 0.0474049 seconds [static and dynamic dependencies]. Details - ImportResultOutputID=bea6d7f1246ecb73868a94f556260a21 DependenciesID=14342c4d9575d1156c637d8ec9285cce StaticDependenciesID=c64c8057cda8aad232ff349fe4ec981f 
Number of updated asset objects reloaded before import = 0Number of asset objects unloaded after import = 2

========================================================================
Received Import Request.
  Time since last request: 0.000065 seconds.
  path: Assets/CurvedPoly/Editor/Icons/handlesfunctions/backtovertex.png
  importAddress: Guid(ee010e9bd44047c4ca7a1912a14a59ff) Importer(2089858483,b0f066a214c2f5e87bad3c948f4d605d)
Start importing Assets/CurvedPoly/Editor/Icons/handlesfunctions/backtovertex.png using Guid(ee010e9bd44047c4ca7a1912a14a59ff) Importer(2089858483,b0f066a214c2f5e87bad3c948f4d605d) (ScriptedImporter) -> (Import Result ID: 'bc7d96a093ce46747edb4b1ca624e675') in 0.0669352 seconds [static and dynamic dependencies]. Details - ImportResultOutputID=05bb2fb262a0bba9813e8953f047d108 DependenciesID=0754d924835137b18018eac0602d1f91 StaticDependenciesID=c7e7c3d3dc5216713efbc4bff672ed78 
Number of updated asset objects reloaded before import = 0Number of asset objects unloaded after import = 2

========================================================================
Received Import Request.
  Time since last request: 0.000070 seconds.
  path: Assets/CurvedPoly/Editor/Icons/handlesfunctions/vertexnormalx.png
  importAddress: Guid(163b11f0841427749939b81d1123848e) Importer(2089858483,b0f066a214c2f5e87bad3c948f4d605d)
Start importing Assets/CurvedPoly/Editor/Icons/handlesfunctions/vertexnormalx.png using Guid(163b11f0841427749939b81d1123848e) Importer(2089858483,b0f066a214c2f5e87bad3c948f4d605d) (ScriptedImporter) -> (Import Result ID: '1da59e7d80b49e18694240b51bc084d4') in 0.063705 seconds [static and dynamic dependencies]. Details - ImportResultOutputID=18be8b99d2f97be7ca5909809e9c3fd8 DependenciesID=304a9a4d091445b2e7951e0f8b325b4a StaticDependenciesID=d8591f4a73aa2e00a66448aea64b3b43 
Number of updated asset objects reloaded before import = 0Number of asset objects unloaded after import = 2

========================================================================
Received Import Request.
  Time since last request: 0.000072 seconds.
  path: Assets/CurvedPoly/Editor/Icons/handlesfunctions/blockdirectionz.png
  importAddress: Guid(c8e1559e4a8ea324bb4b38c6345f1cb0) Importer(2089858483,b0f066a214c2f5e87bad3c948f4d605d)
Start importing Assets/CurvedPoly/Editor/Icons/handlesfunctions/blockdirectionz.png using Guid(c8e1559e4a8ea324bb4b38c6345f1cb0) Importer(2089858483,b0f066a214c2f5e87bad3c948f4d605d) (ScriptedImporter) -> (Import Result ID: 'f03ec9b2502d131b976074faf3d8ae25') in 0.03619 seconds [static and dynamic dependencies]. Details - ImportResultOutputID=ffc06df6584fb3d5b3f29bc138c6d411 DependenciesID=9ef320797db4fbd5de75e052e24bc1c1 StaticDependenciesID=3bcac7c1b54cf3bdf316b615d3defa77 
Number of updated asset objects reloaded before import = 0Number of asset objects unloaded after import = 2

========================================================================
Received Import Request.
  Time since last request: 0.000037 seconds.
  path: Assets/CurvedPoly/Editor/Icons/handles/normalshandle.png
  importAddress: Guid(d683e67f52df01d4f99014bffa906d3a) Importer(2089858483,b0f066a214c2f5e87bad3c948f4d605d)
Start importing Assets/CurvedPoly/Editor/Icons/handles/normalshandle.png using Guid(d683e67f52df01d4f99014bffa906d3a) Importer(2089858483,b0f066a214c2f5e87bad3c948f4d605d) (ScriptedImporter) -> (Import Result ID: 'd79be3a07b960d2e245bd0edfd504813') in 0.042979 seconds [static and dynamic dependencies]. Details - ImportResultOutputID=a7b3db673d08282305c8dc8839ca67d5 DependenciesID=a184643c84ac9720f0a8bf639d953a7c StaticDependenciesID=e4753509cf6bec85d2eaf66beee6a274 
Number of updated asset objects reloaded before import = 0Number of asset objects unloaded after import = 1

========================================================================
Received Import Request.
  Time since last request: 0.000087 seconds.
  path: Assets/CurvedPoly/Editor/Icons/operators/exclusiveselection.png
  importAddress: Guid(33104a25f59305e43bb21c7ffbf42a1a) Importer(2089858483,b0f066a214c2f5e87bad3c948f4d605d)
Start importing Assets/CurvedPoly/Editor/Icons/operators/exclusiveselection.png using Guid(33104a25f59305e43bb21c7ffbf42a1a) Importer(2089858483,b0f066a214c2f5e87bad3c948f4d605d) (ScriptedImporter) -> (Import Result ID: 'd12a58604e1e87e3d265646d8dee307e') in 0.0657034 seconds [static and dynamic dependencies]. Details - ImportResultOutputID=11dce601fc8cb9c6487d168c1c07d473 DependenciesID=91c181f1065b5b299c31d2ed2476f47e StaticDependenciesID=76ef872a15282d0a02802c0b5a92453d 
Number of updated asset objects reloaded before import = 0Number of asset objects unloaded after import = 2

========================================================================
Received Import Request.
  Time since last request: 0.000063 seconds.
  path: Assets/CurvedPoly/Editor/Icons/operators/curvesandsurfaces_v3.png
  importAddress: Guid(93823bb65fc36a04a9abef3c5ba37ec6) Importer(2089858483,b0f066a214c2f5e87bad3c948f4d605d)
Start importing Assets/CurvedPoly/Editor/Icons/operators/curvesandsurfaces_v3.png using Guid(93823bb65fc36a04a9abef3c5ba37ec6) Importer(2089858483,b0f066a214c2f5e87bad3c948f4d605d) (ScriptedImporter) -> (Import Result ID: 'd4a6193cc972b9a16898e72c779bce66') in 0.0753521 seconds [static and dynamic dependencies]. Details - ImportResultOutputID=a088249f247ded44e30db784d499d153 DependenciesID=9ee71dd226894789794262eec5aa1393 StaticDependenciesID=546dbde4ffae682fb7632aa3be327760 
Number of updated asset objects reloaded before import = 0Number of asset objects unloaded after import = 3

========================================================================
Received Import Request.
  Time since last request: 0.000049 seconds.
  path: Assets/CurvedPoly/Editor/Icons/operators/pointingsoperator.png
  importAddress: Guid(22af3c8ef403c154885c6eb1555191ac) Importer(2089858483,b0f066a214c2f5e87bad3c948f4d605d)
Start importing Assets/CurvedPoly/Editor/Icons/operators/pointingsoperator.png using Guid(22af3c8ef403c154885c6eb1555191ac) Importer(2089858483,b0f066a214c2f5e87bad3c948f4d605d) (ScriptedImporter) -> (Import Result ID: 'bc76976774c8473ffd73c87c877ffa3e') in 0.0320603 seconds [static and dynamic dependencies]. Details - ImportResultOutputID=6928e6685ddd7dcc015209f1f380db57 DependenciesID=958db72c7439121eabd08ca33a02b8aa StaticDependenciesID=ff4b37ab7630e64fdffc435c71e25949 
Number of updated asset objects reloaded before import = 0Number of asset objects unloaded after import = 2

========================================================================
Received Import Request.
  Time since last request: 0.000069 seconds.
  path: Assets/CurvedPoly/Editor/Icons/operators/meshedit2.png
  importAddress: Guid(614a91ac7024ac44cb14119dcb12cf8d) Importer(2089858483,b0f066a214c2f5e87bad3c948f4d605d)
Start importing Assets/CurvedPoly/Editor/Icons/operators/meshedit2.png using Guid(614a91ac7024ac44cb14119dcb12cf8d) Importer(2089858483,b0f066a214c2f5e87bad3c948f4d605d) (ScriptedImporter) -> (Import Result ID: '4aaa1add552df73a6f14fd6755c242ea') in 0.0738738 seconds [static and dynamic dependencies]. Details - ImportResultOutputID=c47a70a87ee556471457981b2c25403e DependenciesID=ad6efa2a1fc8edb9b8342d7d68ecd621 StaticDependenciesID=7455da91dfba3a6d142795bcb0460a42 
Number of updated asset objects reloaded before import = 0Number of asset objects unloaded after import = 3

========================================================================
Received Import Request.
  Time since last request: 0.000037 seconds.
  path: Assets/CurvedPoly/Editor/Icons/operators/fixoperator.png
  importAddress: Guid(fc722ad1224f5a14e8d759e5d45e2625) Importer(2089858483,b0f066a214c2f5e87bad3c948f4d605d)
Start importing Assets/CurvedPoly/Editor/Icons/operators/fixoperator.png using Guid(fc722ad1224f5a14e8d759e5d45e2625) Importer(2089858483,b0f066a214c2f5e87bad3c948f4d605d) (ScriptedImporter) -> (Import Result ID: '51a82ef9feae8ad4b4ffa443eeacaace') in 0.0347298 seconds [static and dynamic dependencies]. Details - ImportResultOutputID=8e3173daa72ceebb8d7fc2185bf9a365 DependenciesID=d305f42b1829642e0440a876f53f62eb StaticDependenciesID=33c7e4a3367f8366e4eca376ef8553c0 
Number of updated asset objects reloaded before import = 0Number of asset objects unloaded after import = 1

========================================================================
Received Import Request.
  Time since last request: 0.000055 seconds.
  path: Assets/CurvedPoly/Editor/Icons/operators/transformoperator.png
  importAddress: Guid(d820989c84af60445a4fcc1c125500d1) Importer(2089858483,b0f066a214c2f5e87bad3c948f4d605d)
Start importing Assets/CurvedPoly/Editor/Icons/operators/transformoperator.png using Guid(d820989c84af60445a4fcc1c125500d1) Importer(2089858483,b0f066a214c2f5e87bad3c948f4d605d) (ScriptedImporter) -> (Import Result ID: '8b119902be4b5f4e4c3b38d9db79ca35') in 0.0652635 seconds [static and dynamic dependencies]. Details - ImportResultOutputID=1724a5d2bc4438eb8e21faeb3edcdcd3 DependenciesID=29c78edebbd3a791c1c5060146753235 StaticDependenciesID=d078a5ab80b0399ddac64be4bf92dcaa 
Number of updated asset objects reloaded before import = 0Number of asset objects unloaded after import = 2

========================================================================
Received Import Request.
  Time since last request: 0.000041 seconds.
  path: Assets/CurvedPoly/Editor/Icons/operators/uvoperator.png
  importAddress: Guid(b563d2fb5fc35374eb231ee80ef7a81a) Importer(2089858483,b0f066a214c2f5e87bad3c948f4d605d)
Start importing Assets/CurvedPoly/Editor/Icons/operators/uvoperator.png using Guid(b563d2fb5fc35374eb231ee80ef7a81a) Importer(2089858483,b0f066a214c2f5e87bad3c948f4d605d) (ScriptedImporter) -> (Import Result ID: '7426726c9cccb529075108e1b723150d') in 0.0574259 seconds [static and dynamic dependencies]. Details - ImportResultOutputID=75a861b1c7bb2eaaf327e02e8c62e544 DependenciesID=49b9d68e4328ea854a4927acd9b7aadb StaticDependenciesID=66eb2e554d253da608e3bb711cc3b8e9 
Number of updated asset objects reloaded before import = 0Number of asset objects unloaded after import = 2

========================================================================
Received Import Request.
  Time since last request: 0.000040 seconds.
  path: Assets/CurvedPoly/Editor/Materials/EditMatsSet.asset
  importAddress: Guid(d8610dbf9a8783243b4497361d5b0ba4) Importer(2089858483,b0f066a214c2f5e87bad3c948f4d605d)
Start importing Assets/CurvedPoly/Editor/Materials/EditMatsSet.asset using Guid(d8610dbf9a8783243b4497361d5b0ba4) Importer(2089858483,b0f066a214c2f5e87bad3c948f4d605d) (ScriptedImporter) -> (Import Result ID: 'f68f7e9571e4a8517699bfb96f4bfbf7') in 0.0776625 seconds [static and dynamic dependencies]. Details - ImportResultOutputID=3eeea4d6ea54150d84d0b705dd4c1513 DependenciesID=05c3c8c660a18475b77e76bff7dd5953 StaticDependenciesID=a8afa30a49da6fd8454c768dd5589ab4 
Number of updated asset objects reloaded before import = 0Number of asset objects unloaded after import = 18

========================================================================
Received Import Request.
  Time since last request: 0.000058 seconds.
  path: Assets/CurvedPoly/Editor/Icons/shapecontrol/symmetry.png
  importAddress: Guid(092aac8ad3b92aa4fb8bc30beec03b5a) Importer(2089858483,b0f066a214c2f5e87bad3c948f4d605d)
Start importing Assets/CurvedPoly/Editor/Icons/shapecontrol/symmetry.png using Guid(092aac8ad3b92aa4fb8bc30beec03b5a) Importer(2089858483,b0f066a214c2f5e87bad3c948f4d605d) (ScriptedImporter) -> (Import Result ID: '8bc7bc924b9fbf06f7af81c6bb252167') in 0.0400237 seconds [static and dynamic dependencies]. Details - ImportResultOutputID=cc91ee98a0d55ed45d9124db3b177ff3 DependenciesID=8e507c54c0a6ebc0c1fc4e84d3806a22 StaticDependenciesID=213792388517dfdca3d73dc81daec770 
Number of updated asset objects reloaded before import = 0Number of asset objects unloaded after import = 2

========================================================================
Received Import Request.
  Time since last request: 0.000040 seconds.
  path: Assets/CurvedPoly/Editor/Icons/surfaces/convertintocp.png
  importAddress: Guid(5d7ddaece76eb3c41bb51204145d3643) Importer(2089858483,b0f066a214c2f5e87bad3c948f4d605d)
Start importing Assets/CurvedPoly/Editor/Icons/surfaces/convertintocp.png using Guid(5d7ddaece76eb3c41bb51204145d3643) Importer(2089858483,b0f066a214c2f5e87bad3c948f4d605d) (ScriptedImporter) -> (Import Result ID: 'e36805ace2733b6e7930a4a0b4d6eb5e') in 0.0546287 seconds [static and dynamic dependencies]. Details - ImportResultOutputID=575718d14896a98372955885575f6dd7 DependenciesID=07ce1161491e10c4a2e99945f8f84ba8 StaticDependenciesID=3e3a44cdace0bdb690d9d434686695b6 
Number of updated asset objects reloaded before import = 0Number of asset objects unloaded after import = 2

========================================================================
Received Import Request.
  Time since last request: 0.000060 seconds.
  path: Assets/CurvedPoly/Editor/Icons/shapecontrol/transform_extend_z.png
  importAddress: Guid(d2c0033ed621c9a40adcfa3a4978f74b) Importer(2089858483,b0f066a214c2f5e87bad3c948f4d605d)
Start importing Assets/CurvedPoly/Editor/Icons/shapecontrol/transform_extend_z.png using Guid(d2c0033ed621c9a40adcfa3a4978f74b) Importer(2089858483,b0f066a214c2f5e87bad3c948f4d605d) (ScriptedImporter) -> (Import Result ID: '9873707197e1849b533259b96005d6a4') in 0.0634497 seconds [static and dynamic dependencies]. Details - ImportResultOutputID=98b88c917b9041c89f76f3f0e7402142 DependenciesID=45faa9901fd33f202471b93ae425ac1b StaticDependenciesID=f317a8545be60c1e09dce62f885e3c74 
Number of updated asset objects reloaded before import = 0Number of asset objects unloaded after import = 2

========================================================================
Received Import Request.
  Time since last request: 0.000065 seconds.
  path: Assets/CurvedPoly/Editor/Icons/surfaces/curvedtube.png
  importAddress: Guid(9da2d1aff1668304080eee7827f61ed9) Importer(2089858483,b0f066a214c2f5e87bad3c948f4d605d)
Start importing Assets/CurvedPoly/Editor/Icons/surfaces/curvedtube.png using Guid(9da2d1aff1668304080eee7827f61ed9) Importer(2089858483,b0f066a214c2f5e87bad3c948f4d605d) (ScriptedImporter) -> (Import Result ID: '03acfa24f60343d6cf9d2528af6d780e') in 0.0407094 seconds [static and dynamic dependencies]. Details - ImportResultOutputID=7b0a4e4dc3f8b1112cfae73d044ef105 DependenciesID=64c36e9578843f0736d71da6bf24d3e0 StaticDependenciesID=3e2f71aaeff49c970e33443ac5b374ac 
Number of updated asset objects reloaded before import = 0Number of asset objects unloaded after import = 2

========================================================================
Received Import Request.
  Time since last request: 0.000050 seconds.
  path: Assets/CurvedPoly/Editor/Icons/surfaces/duplicate.png
  importAddress: Guid(26cad0da517492b4fa7b92a7defd384f) Importer(2089858483,b0f066a214c2f5e87bad3c948f4d605d)
Start importing Assets/CurvedPoly/Editor/Icons/surfaces/duplicate.png using Guid(26cad0da517492b4fa7b92a7defd384f) Importer(2089858483,b0f066a214c2f5e87bad3c948f4d605d) (ScriptedImporter) -> (Import Result ID: '5765e8d53bda3b73508bf2ff361bd0db') in 0.0384621 seconds [static and dynamic dependencies]. Details - ImportResultOutputID=d82861536409829aef3a8b9d32093a59 DependenciesID=14942499fac8215a1534da592c8cf6f8 StaticDependenciesID=c50b9d7aa3245ee2f9f1732cc3adf4c2 
Number of updated asset objects reloaded before import = 0Number of asset objects unloaded after import = 2

========================================================================
Received Import Request.
  Time since last request: 0.000038 seconds.
  path: Assets/CurvedPoly/Editor/Icons/tessellation/PolygonsIconsDB.asset
  importAddress: Guid(4bb03094e733b024b9788701308bde7b) Importer(2089858483,b0f066a214c2f5e87bad3c948f4d605d)
Start importing Assets/CurvedPoly/Editor/Icons/tessellation/PolygonsIconsDB.asset using Guid(4bb03094e733b024b9788701308bde7b) Importer(2089858483,b0f066a214c2f5e87bad3c948f4d605d) (ScriptedImporter) -> (Import Result ID: 'd6066d1cb59a5db9f545b91ed1251e0e') in 0.0258347 seconds [static and dynamic dependencies]. Details - ImportResultOutputID=7f6140ba73f2d20499957b50038d17a8 DependenciesID=83cd05f2e123cc418bdf2424ec9cb88a StaticDependenciesID=7ef8c7eee0f83ac46a108893c1034595 
Number of updated asset objects reloaded before import = 0Number of asset objects unloaded after import = 1

========================================================================
Received Import Request.
  Time since last request: 0.000062 seconds.
  path: Assets/CurvedPoly/Editor/Icons/tessellation/tessepolygonbrush.png
  importAddress: Guid(7f82e059a0349734fb4667721bbac18b) Importer(2089858483,b0f066a214c2f5e87bad3c948f4d605d)
Start importing Assets/CurvedPoly/Editor/Icons/tessellation/tessepolygonbrush.png using Guid(7f82e059a0349734fb4667721bbac18b) Importer(2089858483,b0f066a214c2f5e87bad3c948f4d605d) (ScriptedImporter) -> (Import Result ID: '3675329b1d84833c7ba475bdc12868a0') in 0.0344683 seconds [static and dynamic dependencies]. Details - ImportResultOutputID=e3039cdd29200da021e7c9a231d49364 DependenciesID=b311499f6f1223b562b17e66d7c74e32 StaticDependenciesID=4009423d0d350b6f513485943495770d 
Number of updated asset objects reloaded before import = 0Number of asset objects unloaded after import = 2

========================================================================
Received Import Request.
  Time since last request: 0.000038 seconds.
  path: Assets/CurvedPoly/Editor/Icons/tessellation/cylindric_interpolation.png
  importAddress: Guid(5e1fbf9ce711dd345ae7137cbbb5c7cc) Importer(2089858483,b0f066a214c2f5e87bad3c948f4d605d)
Start importing Assets/CurvedPoly/Editor/Icons/tessellation/cylindric_interpolation.png using Guid(5e1fbf9ce711dd345ae7137cbbb5c7cc) Importer(2089858483,b0f066a214c2f5e87bad3c948f4d605d) (ScriptedImporter) -> (Import Result ID: '4d9201249065a206c35ba2d582cdf091') in 0.037629 seconds [static and dynamic dependencies]. Details - ImportResultOutputID=14f86f8c16c4fef52bdf1c4de8d6b82b DependenciesID=a9d01ba1f4b1ad1bc919a762810a0fc9 StaticDependenciesID=2482d6434c679aeed2c247368dd2da3c 
Number of updated asset objects reloaded before import = 0Number of asset objects unloaded after import = 2

========================================================================
Received Import Request.
  Time since last request: 0.000040 seconds.
  path: Assets/CurvedPoly/Editor/Icons/unwraps/markseams.png
  importAddress: Guid(ab9507298089c764384a4c388f52bffa) Importer(2089858483,b0f066a214c2f5e87bad3c948f4d605d)
Start importing Assets/CurvedPoly/Editor/Icons/unwraps/markseams.png using Guid(ab9507298089c764384a4c388f52bffa) Importer(2089858483,b0f066a214c2f5e87bad3c948f4d605d) (ScriptedImporter) -> (Import Result ID: '67099e92c7fb3bd9d9aafb082cbb2fd9') in 0.0384526 seconds [static and dynamic dependencies]. Details - ImportResultOutputID=afa8cbc24b2e74fa064218e2eb7489e0 DependenciesID=a11aa51c449eba781a4cb2e69e32c99d StaticDependenciesID=78b4874b558fa71eaaa20523303892d9 
Number of updated asset objects reloaded before import = 0Number of asset objects unloaded after import = 2

========================================================================
Received Import Request.
  Time since last request: 0.000056 seconds.
  path: Assets/CurvedPoly/Editor/Icons/unwraps/cylinderunwrap.png
  importAddress: Guid(6c060a229667aa2458db15200f2ed45b) Importer(2089858483,b0f066a214c2f5e87bad3c948f4d605d)
Start importing Assets/CurvedPoly/Editor/Icons/unwraps/cylinderunwrap.png using Guid(6c060a229667aa2458db15200f2ed45b) Importer(2089858483,b0f066a214c2f5e87bad3c948f4d605d) (ScriptedImporter) -> (Import Result ID: 'a6e4ce67a5ef7e96bda823adb302ad16') in 0.0672272 seconds [static and dynamic dependencies]. Details - ImportResultOutputID=5a33bee60a74f291ffce8cdfc5ca6f87 DependenciesID=0956c87c5604d9d5177cbfe7c6b23bee StaticDependenciesID=522ae32941fdd960fff96c459a41423d 
Number of updated asset objects reloaded before import = 0Number of asset objects unloaded after import = 2

========================================================================
Received Import Request.
  Time since last request: 0.000055 seconds.
  path: Assets/CurvedPoly/Editor/Icons/transform/detachcp.png
  importAddress: Guid(dc1ee540328f76446afaa318b68069c3) Importer(2089858483,b0f066a214c2f5e87bad3c948f4d605d)
Start importing Assets/CurvedPoly/Editor/Icons/transform/detachcp.png using Guid(dc1ee540328f76446afaa318b68069c3) Importer(2089858483,b0f066a214c2f5e87bad3c948f4d605d) (ScriptedImporter) -> (Import Result ID: '6064e510b00ae29b98c42e0d4d4391b1') in 0.0349195 seconds [static and dynamic dependencies]. Details - ImportResultOutputID=894f270994d2d263505d65a6ccd53c8e DependenciesID=ea8a24e1ca79e1c9d500e13b22fe12d7 StaticDependenciesID=dbe27098a9bde6789748984c5d8a3a72 
Number of updated asset objects reloaded before import = 0Number of asset objects unloaded after import = 2

========================================================================
Received Import Request.
  Time since last request: 0.000062 seconds.
  path: Assets/CurvedPoly/Editor/Icons/unwraps/sphereunwrap.png
  importAddress: Guid(dca15475b4129ce45afae92e7ce67244) Importer(2089858483,b0f066a214c2f5e87bad3c948f4d605d)
Start importing Assets/CurvedPoly/Editor/Icons/unwraps/sphereunwrap.png using Guid(dca15475b4129ce45afae92e7ce67244) Importer(2089858483,b0f066a214c2f5e87bad3c948f4d605d) (ScriptedImporter) -> (Import Result ID: '86091c1950623b786cd15b5ea2c99f1d') in 0.0344329 seconds [static and dynamic dependencies]. Details - ImportResultOutputID=7c361a62c444cb77d74f71be125c526c DependenciesID=12e4c545a5945298cd32fb89985cff05 StaticDependenciesID=a1e27917ff3c6d7f4fcdf18df5f2c894 
Number of updated asset objects reloaded before import = 0Number of asset objects unloaded after import = 2

========================================================================
Received Import Request.
  Time since last request: 0.000044 seconds.
  path: Assets/CurvedPoly/Editor/Icons/unwraps/resetyz.png
  importAddress: Guid(286391be5cb788a4e8cfc0d48719416c) Importer(2089858483,b0f066a214c2f5e87bad3c948f4d605d)
Start importing Assets/CurvedPoly/Editor/Icons/unwraps/resetyz.png using Guid(286391be5cb788a4e8cfc0d48719416c) Importer(2089858483,b0f066a214c2f5e87bad3c948f4d605d) (ScriptedImporter) -> (Import Result ID: 'f11262dc8d799bf7f1b56e61583cc0f7') in 0.0554117 seconds [static and dynamic dependencies]. Details - ImportResultOutputID=13d29b141459316cecea8c4c547daa7d DependenciesID=0b9bdfca9134b857549b7a03d20080b3 StaticDependenciesID=b1423c0820c1c88549d7273a7b7067df 
Number of updated asset objects reloaded before import = 0Number of asset objects unloaded after import = 2

========================================================================
Received Import Request.
  Time since last request: 0.000045 seconds.
  path: Assets/CurvedPoly/Editor/Icons/unwraps/UnwrapsIconsDB.asset
  importAddress: Guid(fb93aa92abdf03243b626797d596fcf6) Importer(2089858483,b0f066a214c2f5e87bad3c948f4d605d)
Start importing Assets/CurvedPoly/Editor/Icons/unwraps/UnwrapsIconsDB.asset using Guid(fb93aa92abdf03243b626797d596fcf6) Importer(2089858483,b0f066a214c2f5e87bad3c948f4d605d) (ScriptedImporter) -> (Import Result ID: 'ede9b0693d20601a6be3e528b9b87686') in 0.0267121 seconds [static and dynamic dependencies]. Details - ImportResultOutputID=4667c212e2d8a0fdf1c7f1ebe36c3119 DependenciesID=4ce2ad0834ec1c5c31919fc6ef353766 StaticDependenciesID=c8397e38439cdb153d6dd29ef4ee8bcf 
Number of updated asset objects reloaded before import = 0Number of asset objects unloaded after import = 1

========================================================================
Received Import Request.
  Time since last request: 0.000052 seconds.
  path: Assets/CurvedPoly/Editor/Info/Actions/AllActions.asset
  importAddress: Guid(d32616d4d8c382c47b7b568a1b139cb0) Importer(2089858483,b0f066a214c2f5e87bad3c948f4d605d)
Start importing Assets/CurvedPoly/Editor/Info/Actions/AllActions.asset using Guid(d32616d4d8c382c47b7b568a1b139cb0) Importer(2089858483,b0f066a214c2f5e87bad3c948f4d605d) (ScriptedImporter) -> (Import Result ID: 'b3876fe293357ea3208b2b193ac6c3c3') in 0.0273982 seconds [static and dynamic dependencies]. Details - ImportResultOutputID=3c68213a22438bb2fd3074e721340fc0 DependenciesID=1fe1281c82d6997f57f021dc302578b7 StaticDependenciesID=311a5ef64d90a76ff3e2bc4a62b9f706 
Number of updated asset objects reloaded before import = 0Number of asset objects unloaded after import = 1

========================================================================
Received Import Request.
  Time since last request: 0.000052 seconds.
  path: Assets/CurvedPoly/Editor/Icons/uv/uvvertices.png
  importAddress: Guid(1ab9564edd7c4e24e80971c0aaeaf676) Importer(2089858483,b0f066a214c2f5e87bad3c948f4d605d)
Start importing Assets/CurvedPoly/Editor/Icons/uv/uvvertices.png using Guid(1ab9564edd7c4e24e80971c0aaeaf676) Importer(2089858483,b0f066a214c2f5e87bad3c948f4d605d) (ScriptedImporter) -> (Import Result ID: '3d3fd8ad3ae70d66fa57646159a507d3') in 0.0384871 seconds [static and dynamic dependencies]. Details - ImportResultOutputID=92f26c9a7e99547e78a5ea78489cde3e DependenciesID=f5b77707342117a71d47c1a9ea1be818 StaticDependenciesID=b0873718f0698ee797e00f24a76370dc 
Number of updated asset objects reloaded before import = 0Number of asset objects unloaded after import = 2

========================================================================
Received Import Request.
  Time since last request: 0.000042 seconds.
  path: Assets/CurvedPoly/Gizmos/MLab/CurvedPoly/CurvedPoly Icon.png
  importAddress: Guid(7c5e5e2ad5715a2438f4150c9490245c) Importer(2089858483,b0f066a214c2f5e87bad3c948f4d605d)
Start importing Assets/CurvedPoly/Gizmos/MLab/CurvedPoly/CurvedPoly Icon.png using Guid(7c5e5e2ad5715a2438f4150c9490245c) Importer(2089858483,b0f066a214c2f5e87bad3c948f4d605d) (ScriptedImporter) -> (Import Result ID: '7853f6a32598b6afbf728487a2bcd841') in 0.0695687 seconds [static and dynamic dependencies]. Details - ImportResultOutputID=3b5219fb4376f8ea7a77edf701b8771d DependenciesID=0273859c0c38d8fefd1b0defa221dec0 StaticDependenciesID=eb0ea4a40aa397b5349ee88538a8a03b 
Number of updated asset objects reloaded before import = 0Number of asset objects unloaded after import = 3

========================================================================
Received Import Request.
  Time since last request: 0.000064 seconds.
  path: Assets/CurvedPoly/Gizmos/MLab/CurvedPoly/CurvedPolyBackgrounds Icon.png
  importAddress: Guid(7240c97eac4a18b47a63d6ab187705f6) Importer(2089858483,b0f066a214c2f5e87bad3c948f4d605d)
Start importing Assets/CurvedPoly/Gizmos/MLab/CurvedPoly/CurvedPolyBackgrounds Icon.png using Guid(7240c97eac4a18b47a63d6ab187705f6) Importer(2089858483,b0f066a214c2f5e87bad3c948f4d605d) (ScriptedImporter) -> (Import Result ID: 'dc2ffdb486dc2fa2f0d0b4f41c5c4680') in 0.0477852 seconds [static and dynamic dependencies]. Details - ImportResultOutputID=fc68d084b6f0d4b7f73a04d0d62d6aa0 DependenciesID=b8f480cf6be88ecf77fabfcee006a8c5 StaticDependenciesID=90eb282fb8418f1da751e4be087308a5 
Number of updated asset objects reloaded before import = 0Number of asset objects unloaded after import = 3

========================================================================
Received Import Request.
  Time since last request: 0.000053 seconds.
  path: Assets/TextMesh Pro/Examples & Extras/Resources/Color Gradient Presets/Yellow to Orange - Vertical.asset
  importAddress: Guid(69a525efa7e6472eab268f6ea605f06e) Importer(2089858483,b0f066a214c2f5e87bad3c948f4d605d)
Start importing Assets/TextMesh Pro/Examples & Extras/Resources/Color Gradient Presets/Yellow to Orange - Vertical.asset using Guid(69a525efa7e6472eab268f6ea605f06e) Importer(2089858483,b0f066a214c2f5e87bad3c948f4d605d) (ScriptedImporter) -> (Import Result ID: '399583c49f6432fc5fd7ca2a9de267f7') in 0.0303286 seconds [static and dynamic dependencies]. Details - ImportResultOutputID=9f2245bb9009beab39c07913958d146a DependenciesID=81e6277eb180e74091ae0dea655f3150 StaticDependenciesID=015c05d98c21468a8fbb6e4937887adc 
Number of updated asset objects reloaded before import = 0Number of asset objects unloaded after import = 1

========================================================================
Received Import Request.
  Time since last request: 0.000041 seconds.
  path: Assets/TextMesh Pro/Examples & Extras/Resources/Fonts & Materials/Anton SDF - Sunny Days.mat
  importAddress: Guid(6522f30e342599e4e9dd4cc2cc03c830) Importer(2089858483,b0f066a214c2f5e87bad3c948f4d605d)
Start importing Assets/TextMesh Pro/Examples & Extras/Resources/Fonts & Materials/Anton SDF - Sunny Days.mat using Guid(6522f30e342599e4e9dd4cc2cc03c830) Importer(2089858483,b0f066a214c2f5e87bad3c948f4d605d) (ScriptedImporter) -> (Import Result ID: '3242d322fb0ad563925e741f48a0de03') in 0.0372518 seconds [static and dynamic dependencies]. Details - ImportResultOutputID=aabf94f21ceb997cd24cb9eea84867dd DependenciesID=17cdf563949e88bc0b3d6bf840459423 StaticDependenciesID=f140d3f7c3f095de8d21875dfd4f6c6d 
Number of updated asset objects reloaded before import = 0Number of asset objects unloaded after import = 4

========================================================================
Received Import Request.
  Time since last request: 0.000073 seconds.
  path: Assets/TextMesh Pro/Examples & Extras/Resources/Fonts & Materials/Bangers SDF - Drop Shadow - 2 Pass.mat
  importAddress: Guid(947a44964e53bf0448ff698b2a2219c0) Importer(2089858483,b0f066a214c2f5e87bad3c948f4d605d)
Start importing Assets/TextMesh Pro/Examples & Extras/Resources/Fonts & Materials/Bangers SDF - Drop Shadow - 2 Pass.mat using Guid(947a44964e53bf0448ff698b2a2219c0) Importer(2089858483,b0f066a214c2f5e87bad3c948f4d605d) (ScriptedImporter) -> (Import Result ID: '8557267029eb5544de56c19c50282e6b') in 0.0366088 seconds [static and dynamic dependencies]. Details - ImportResultOutputID=b66f168200eb18803bbe9aae2057abad DependenciesID=88ebfc5e5e4203fc0d80dc404e230ea0 StaticDependenciesID=3153a4d6bd40e7e90a6c4027e612051c 
Number of updated asset objects reloaded before import = 0Number of asset objects unloaded after import = 2

========================================================================
Received Import Request.
  Time since last request: 0.000039 seconds.
  path: Assets/TextMesh Pro/Examples & Extras/Resources/Fonts & Materials/Electronic Highway Sign SDF.asset
  importAddress: Guid(dc36b3fdc14f47ebb36fd484a67e268a) Importer(2089858483,b0f066a214c2f5e87bad3c948f4d605d)
Start importing Assets/TextMesh Pro/Examples & Extras/Resources/Fonts & Materials/Electronic Highway Sign SDF.asset using Guid(dc36b3fdc14f47ebb36fd484a67e268a) Importer(2089858483,b0f066a214c2f5e87bad3c948f4d605d) (ScriptedImporter) -> (Import Result ID: '4f3a0c77bc3f8d443acecaf22656195c') in 0.0574003 seconds [static and dynamic dependencies]. Details - ImportResultOutputID=0f70cdf70af9bd2c3803ecd903107210 DependenciesID=f40c74fe26d7082ccf0583a45703663f StaticDependenciesID=65d67b930d39e1ee3fdb95a811611b04 
Number of updated asset objects reloaded before import = 0Number of asset objects unloaded after import = 5

========================================================================
Received Import Request.
  Time since last request: 0.000057 seconds.
  path: Assets/TextMesh Pro/Examples & Extras/Resources/Fonts & Materials/Roboto-Bold SDF - HDRP Unlit.mat
  importAddress: Guid(2ddca8f46aa0838419d568affb0ca6b4) Importer(2089858483,b0f066a214c2f5e87bad3c948f4d605d)
Start importing Assets/TextMesh Pro/Examples & Extras/Resources/Fonts & Materials/Roboto-Bold SDF - HDRP Unlit.mat using Guid(2ddca8f46aa0838419d568affb0ca6b4) Importer(2089858483,b0f066a214c2f5e87bad3c948f4d605d) (ScriptedImporter) -> (Import Result ID: '8d2c855fb19776d4646e55fd40b02496') in 0.0378751 seconds [static and dynamic dependencies]. Details - ImportResultOutputID=08b12b0bdb475b127713b6b405591db9 DependenciesID=f0e6a1cd77fd0054064ccc1a548a4b8a StaticDependenciesID=ee881c0e46afd01daac5d4a1526e61e7 
Number of updated asset objects reloaded before import = 0Number of asset objects unloaded after import = 4

========================================================================
Received Import Request.
  Time since last request: 0.000072 seconds.
  path: Assets/TextMesh Pro/Examples & Extras/Resources/Fonts & Materials/Bangers SDF - Outline.mat
  importAddress: Guid(f629c6e43dba4bf38cb74d8860150664) Importer(2089858483,b0f066a214c2f5e87bad3c948f4d605d)
Start importing Assets/TextMesh Pro/Examples & Extras/Resources/Fonts & Materials/Bangers SDF - Outline.mat using Guid(f629c6e43dba4bf38cb74d8860150664) Importer(2089858483,b0f066a214c2f5e87bad3c948f4d605d) (ScriptedImporter) -> (Import Result ID: 'fc18cc975e917265c58d8c16b1a237f3') in 0.0470731 seconds [static and dynamic dependencies]. Details - ImportResultOutputID=9b566ad5823b6d81b70a20526f64a1a1 DependenciesID=86ccc5dc3e9b3126371bb5d4e04a6b61 StaticDependenciesID=5c95be4db97e72a1721ed78cee760ece 
Number of updated asset objects reloaded before import = 0Number of asset objects unloaded after import = 2

========================================================================
Received Import Request.
  Time since last request: 0.000037 seconds.
  path: Assets/TextMesh Pro/Examples & Extras/Resources/Fonts & Materials/Unity SDF - HDRP LIT - Outline.mat
  importAddress: Guid(967f61bb1e3e28645a39e0cb647cc79e) Importer(2089858483,b0f066a214c2f5e87bad3c948f4d605d)
Start importing Assets/TextMesh Pro/Examples & Extras/Resources/Fonts & Materials/Unity SDF - HDRP LIT - Outline.mat using Guid(967f61bb1e3e28645a39e0cb647cc79e) Importer(2089858483,b0f066a214c2f5e87bad3c948f4d605d) (ScriptedImporter) -> (Import Result ID: '18b5f928a3c7fab10d997942ab497f31') in 0.057904 seconds [static and dynamic dependencies]. Details - ImportResultOutputID=057ce5637b590aabd9b1e6e2ebf5531b DependenciesID=096aebb7fdbaa4d53ad7abaf40fb294f StaticDependenciesID=296717d5c7913c965084b6d690ec89ab 
Number of updated asset objects reloaded before import = 0Number of asset objects unloaded after import = 3

========================================================================
Received Import Request.
  Time since last request: 0.000073 seconds.
  path: Assets/CurvedPoly/Editor/Icons/edit/fix/FixOperatorIconsDB.asset
  importAddress: Guid(7c8bb5681f5cb5e4cb800732ea7be071) Importer(2089858483,b0f066a214c2f5e87bad3c948f4d605d)
Start importing Assets/CurvedPoly/Editor/Icons/edit/fix/FixOperatorIconsDB.asset using Guid(7c8bb5681f5cb5e4cb800732ea7be071) Importer(2089858483,b0f066a214c2f5e87bad3c948f4d605d) (ScriptedImporter) -> (Import Result ID: 'e761cc430b0f570a4401a7e60d6d3a43') in 0.028134 seconds [static and dynamic dependencies]. Details - ImportResultOutputID=3f4338f85c5ae4cc12b3ee413975f2c5 DependenciesID=ffc33ab2b3e0b7a7e643d114b427c654 StaticDependenciesID=4d3c9b467ef01b9ed8919dbdf05f2d88 
Number of updated asset objects reloaded before import = 0Number of asset objects unloaded after import = 1

========================================================================
Received Import Request.
  Time since last request: 0.000067 seconds.
  path: Assets/CurvedPoly/Editor/Icons/general/operations/GeneralIconsDB.asset
  importAddress: Guid(af68b40fc06519e4dab87dc89db2ab13) Importer(2089858483,b0f066a214c2f5e87bad3c948f4d605d)
Start importing Assets/CurvedPoly/Editor/Icons/general/operations/GeneralIconsDB.asset using Guid(af68b40fc06519e4dab87dc89db2ab13) Importer(2089858483,b0f066a214c2f5e87bad3c948f4d605d) (ScriptedImporter) -> (Import Result ID: '25cc12b9e31f1036c98ec4cac01db19e') in 0.027905 seconds [static and dynamic dependencies]. Details - ImportResultOutputID=3c63ed745125588e33e18ae0e3e76b94 DependenciesID=7974c34936eb2166550bf345aea51d4a StaticDependenciesID=01b5835028b9722e72fcb635ac910865 
Number of updated asset objects reloaded before import = 0Number of asset objects unloaded after import = 1

========================================================================
Received Import Request.
  Time since last request: 0.000039 seconds.
  path: Assets/TextMesh Pro/Examples & Extras/Resources/Fonts & Materials/Oswald Bold SDF.asset
  importAddress: Guid(0161d805a3764c089bef00bfe00793f5) Importer(2089858483,b0f066a214c2f5e87bad3c948f4d605d)
Start importing Assets/TextMesh Pro/Examples & Extras/Resources/Fonts & Materials/Oswald Bold SDF.asset using Guid(0161d805a3764c089bef00bfe00793f5) Importer(2089858483,b0f066a214c2f5e87bad3c948f4d605d) (ScriptedImporter) -> (Import Result ID: '7a0dc5b0006262ca103177166bf674b6') in 0.060867 seconds [static and dynamic dependencies]. Details - ImportResultOutputID=d7ca6ff214ffba5684bc188ab59920b6 DependenciesID=7de11e0c963c9d69b146593d004b9ce0 StaticDependenciesID=235150638427655524ee99a0c675f763 
Number of updated asset objects reloaded before import = 0Number of asset objects unloaded after import = 5

========================================================================
Received Import Request.
  Time since last request: 0.000057 seconds.
  path: Assets/CurvedPoly/Editor/Icons/operators/extended/fixoperator.png
  importAddress: Guid(3de3da91ac5cdcd46afd38894e4b1204) Importer(2089858483,b0f066a214c2f5e87bad3c948f4d605d)
Start importing Assets/CurvedPoly/Editor/Icons/operators/extended/fixoperator.png using Guid(3de3da91ac5cdcd46afd38894e4b1204) Importer(2089858483,b0f066a214c2f5e87bad3c948f4d605d) (ScriptedImporter) -> (Import Result ID: 'dbfe97dad0c4caafb3681b162e4e76bf') in 0.0394032 seconds [static and dynamic dependencies]. Details - ImportResultOutputID=16a309442f58042bf1500d102d5f3ae7 DependenciesID=b8b8f618c6af8568278db7928d4552d4 StaticDependenciesID=ff201a826b3ba7ea13812cbc8c464ade 
Number of updated asset objects reloaded before import = 0Number of asset objects unloaded after import = 3

========================================================================
Received Import Request.
  Time since last request: 0.000071 seconds.
  path: Assets/CurvedPoly/Editor/Icons/operators/extended/geometryoperator.png
  importAddress: Guid(050e68c519ec32043a0db203f424707f) Importer(2089858483,b0f066a214c2f5e87bad3c948f4d605d)
Start importing Assets/CurvedPoly/Editor/Icons/operators/extended/geometryoperator.png using Guid(050e68c519ec32043a0db203f424707f) Importer(2089858483,b0f066a214c2f5e87bad3c948f4d605d) (ScriptedImporter) -> (Import Result ID: '4eb19ca2b9bd18cb921feb197e277bf7') in 0.0360132 seconds [static and dynamic dependencies]. Details - ImportResultOutputID=349b0783e3e57ba811ea701e95b59a2c DependenciesID=b89b4759b11809b1f82ee19f04ddb9bc StaticDependenciesID=ce5e0ec511451edafc087beee40a7cef 
Number of updated asset objects reloaded before import = 0Number of asset objects unloaded after import = 3

========================================================================
Received Import Request.
  Time since last request: 0.000038 seconds.
  path: Assets/TextMesh Pro/Examples & Extras/Scenes/24 - Surface Shader Example.unity
  importAddress: Guid(8c4969fd8ba94a68b07cf11f3e7a5137) Importer(2089858483,b0f066a214c2f5e87bad3c948f4d605d)
Start importing Assets/TextMesh Pro/Examples & Extras/Scenes/24 - Surface Shader Example.unity using Guid(8c4969fd8ba94a68b07cf11f3e7a5137) Importer(2089858483,b0f066a214c2f5e87bad3c948f4d605d) (ScriptedImporter) -> (Import Result ID: '623a98e3694a3b5f46e31b4e9dc6ef94') in 0.0561604 seconds [static and dynamic dependencies]. Details - ImportResultOutputID=70e58e95fcc99e7ce89ff9c575fff692 DependenciesID=90ccf258ec4462180d19376939c6681e StaticDependenciesID=6be887906382fdcd7d881f2db52569fb 
Number of updated asset objects reloaded before import = 0Number of asset objects unloaded after import = 1

========================================================================
Received Import Request.
  Time since last request: 0.000057 seconds.
  path: Assets/CurvedPoly/Editor/Info/Docs/AdvancedShapeEditing/Sparkling Transform.asset
  importAddress: Guid(61fc5c5150468fb47923c83367864af5) Importer(2089858483,b0f066a214c2f5e87bad3c948f4d605d)
Start importing Assets/CurvedPoly/Editor/Info/Docs/AdvancedShapeEditing/Sparkling Transform.asset using Guid(61fc5c5150468fb47923c83367864af5) Importer(2089858483,b0f066a214c2f5e87bad3c948f4d605d) (ScriptedImporter) -> (Import Result ID: '81bfcfa89833f6793c12311df3c99026') in 0.0286017 seconds [static and dynamic dependencies]. Details - ImportResultOutputID=95839d91db8ce67c270548e90b94589e DependenciesID=870974f0cafedf68668ace60c3e2ef88 StaticDependenciesID=c3176f879259cb7c6e6939ec0a505e01 
Number of updated asset objects reloaded before import = 0Number of asset objects unloaded after import = 1

========================================================================
Received Import Request.
  Time since last request: 0.000068 seconds.
  path: Assets/CurvedPoly/Editor/Info/Docs/AdvancedShapeEditing/Free Form Transform (2x).asset
  importAddress: Guid(c70db6f6f86620545b7a27d4ec2b1e6e) Importer(2089858483,b0f066a214c2f5e87bad3c948f4d605d)
Start importing Assets/CurvedPoly/Editor/Info/Docs/AdvancedShapeEditing/Free Form Transform (2x).asset using Guid(c70db6f6f86620545b7a27d4ec2b1e6e) Importer(2089858483,b0f066a214c2f5e87bad3c948f4d605d) (ScriptedImporter) -> (Import Result ID: '3d07a9a2d266b8b6f1fb956ce2ee78a5') in 0.0276452 seconds [static and dynamic dependencies]. Details - ImportResultOutputID=20b2cb70022322092d0a864797c64b4b DependenciesID=0daea203b947e09cf5c8ad6dfda54919 StaticDependenciesID=96d17c6460befe264c8d92f46d7bc402 
Number of updated asset objects reloaded before import = 0Number of asset objects unloaded after import = 1

========================================================================
Received Import Request.
  Time since last request: 0.000036 seconds.
  path: Assets/CurvedPoly/Editor/Info/Docs/AdvancedShapeEditing/Cylindric Transform.asset
  importAddress: Guid(4c5ef9cb305cfa24f99fddf9de2897e0) Importer(2089858483,b0f066a214c2f5e87bad3c948f4d605d)
Start importing Assets/CurvedPoly/Editor/Info/Docs/AdvancedShapeEditing/Cylindric Transform.asset using Guid(4c5ef9cb305cfa24f99fddf9de2897e0) Importer(2089858483,b0f066a214c2f5e87bad3c948f4d605d) (ScriptedImporter) -> (Import Result ID: 'afd7bdd01ca8ca612e99465e0076b24d') in 0.0324857 seconds [static and dynamic dependencies]. Details - ImportResultOutputID=4208dba40e7920f117d7906a61245255 DependenciesID=edfa17526670d23e24d33d71347afe07 StaticDependenciesID=3aa668a71e8ab51f058f3ad3a0f189d7 
Number of updated asset objects reloaded before import = 0Number of asset objects unloaded after import = 1

========================================================================
Received Import Request.
  Time since last request: 0.000053 seconds.
  path: Assets/CurvedPoly/Editor/Info/Docs/BasicShaping/PointedVertex.asset
  importAddress: Guid(a9fdb2f0e23ec5842ab17970fab42132) Importer(2089858483,b0f066a214c2f5e87bad3c948f4d605d)
Start importing Assets/CurvedPoly/Editor/Info/Docs/BasicShaping/PointedVertex.asset using Guid(a9fdb2f0e23ec5842ab17970fab42132) Importer(2089858483,b0f066a214c2f5e87bad3c948f4d605d) (ScriptedImporter) -> (Import Result ID: '1100d782983ce2caea1b0a7e9823793a') in 0.0446555 seconds [static and dynamic dependencies]. Details - ImportResultOutputID=ef684c06ed0cc355d3af0c4c1f4598e5 DependenciesID=f0c02d3233ecafbf79937bb4eda7c209 StaticDependenciesID=74522b5b2a4c0bdfb9b28e0d88ac145e 
Number of updated asset objects reloaded before import = 0Number of asset objects unloaded after import = 1

========================================================================
Received Import Request.
  Time since last request: 0.000058 seconds.
  path: Assets/CurvedPoly/Editor/Info/Docs/BasicShaping/PointedHandle.asset
  importAddress: Guid(5447f735e0393e541ae82fb71dd22866) Importer(2089858483,b0f066a214c2f5e87bad3c948f4d605d)
Start importing Assets/CurvedPoly/Editor/Info/Docs/BasicShaping/PointedHandle.asset using Guid(5447f735e0393e541ae82fb71dd22866) Importer(2089858483,b0f066a214c2f5e87bad3c948f4d605d) (ScriptedImporter) -> (Import Result ID: '4be508636c034673c53133b84d406dfd') in 0.0300211 seconds [static and dynamic dependencies]. Details - ImportResultOutputID=0ac887ba186d30022080d3dc573a5754 DependenciesID=0e29a001de5e1102e0952bedb887dfc9 StaticDependenciesID=2d5aea17dd5611f64944f86cb3dbac08 
Number of updated asset objects reloaded before import = 0Number of asset objects unloaded after import = 1

========================================================================
Received Import Request.
  Time since last request: 0.000033 seconds.
  path: Assets/CurvedPoly/Editor/Info/Docs/Assets Workflow/Mesh Statistics.asset
  importAddress: Guid(c84969b8aea01ce4dbb531328bcbff1a) Importer(2089858483,b0f066a214c2f5e87bad3c948f4d605d)
Start importing Assets/CurvedPoly/Editor/Info/Docs/Assets Workflow/Mesh Statistics.asset using Guid(c84969b8aea01ce4dbb531328bcbff1a) Importer(2089858483,b0f066a214c2f5e87bad3c948f4d605d) (ScriptedImporter) -> (Import Result ID: '0654b7ab28198e4151e466ed8b6f0a17') in 0.0274794 seconds [static and dynamic dependencies]. Details - ImportResultOutputID=f50d2142c870c3cbd967589d28026657 DependenciesID=358171cfe786035981ad70b26591a9a0 StaticDependenciesID=cbf4633fdcf1584c36f65741c20401dc 
Number of updated asset objects reloaded before import = 0Number of asset objects unloaded after import = 1

========================================================================
Received Import Request.
  Time since last request: 0.000043 seconds.
  path: Assets/CurvedPoly/Editor/Info/Docs/Composition/Cube.asset
  importAddress: Guid(60d5b075586f6ca468b48e6795e55e84) Importer(2089858483,b0f066a214c2f5e87bad3c948f4d605d)
Start importing Assets/CurvedPoly/Editor/Info/Docs/Composition/Cube.asset using Guid(60d5b075586f6ca468b48e6795e55e84) Importer(2089858483,b0f066a214c2f5e87bad3c948f4d605d) (ScriptedImporter) -> (Import Result ID: '08d4eef53f33b0296b3e47ae60ba416c') in 0.0286984 seconds [static and dynamic dependencies]. Details - ImportResultOutputID=9ab6f31bde6a5c3bb6a04d773b76245c DependenciesID=0ddcf2e05d800dbf31c197dd08027b27 StaticDependenciesID=9a01564be48e99f5602b3f27e495b69d 
Number of updated asset objects reloaded before import = 0Number of asset objects unloaded after import = 1

========================================================================
Received Import Request.
  Time since last request: 0.000140 seconds.
  path: Assets/CurvedPoly/Editor/Info/Docs/BasicShaping/Shaping Options.asset
  importAddress: Guid(5aec0bd0e347e32419914c19de511f24) Importer(2089858483,b0f066a214c2f5e87bad3c948f4d605d)
Start importing Assets/CurvedPoly/Editor/Info/Docs/BasicShaping/Shaping Options.asset using Guid(5aec0bd0e347e32419914c19de511f24) Importer(2089858483,b0f066a214c2f5e87bad3c948f4d605d) (ScriptedImporter) -> (Import Result ID: '07920c5a3862eb57d21a0597a8892a5d') in 0.0309346 seconds [static and dynamic dependencies]. Details - ImportResultOutputID=26d505b05f7133b042f44ecc439a26ef DependenciesID=7bfd547e8d282443a5450ab7f8ce17c8 StaticDependenciesID=e110b231ae94d8e7003ec5794a07e5dc 
Number of updated asset objects reloaded before import = 0Number of asset objects unloaded after import = 1

========================================================================
Received Import Request.
  Time since last request: 0.000032 seconds.
  path: Assets/CurvedPoly/Editor/Info/Docs/BasicShaping/VertexSnapping.asset
  importAddress: Guid(28b2fab1976b6fa4c93d91a8dcc3343c) Importer(2089858483,b0f066a214c2f5e87bad3c948f4d605d)
Start importing Assets/CurvedPoly/Editor/Info/Docs/BasicShaping/VertexSnapping.asset using Guid(28b2fab1976b6fa4c93d91a8dcc3343c) Importer(2089858483,b0f066a214c2f5e87bad3c948f4d605d) (ScriptedImporter) -> (Import Result ID: '800301c6fe6378ebe9dee5870f409a58') in 0.0274506 seconds [static and dynamic dependencies]. Details - ImportResultOutputID=3891f17c8237e26c22349b1d3ff6013f DependenciesID=66f8cd9a026ba2397f8acc3df8a2ea54 StaticDependenciesID=c4140841d4697db258f355e214a760e4 
Number of updated asset objects reloaded before import = 0Number of asset objects unloaded after import = 1

========================================================================
Received Import Request.
  Time since last request: 0.000095 seconds.
  path: Assets/CurvedPoly/Editor/Info/Docs/Composition/UV Sphere.asset
  importAddress: Guid(7f7a413aa1c39db469254456b5db0ed4) Importer(2089858483,b0f066a214c2f5e87bad3c948f4d605d)
Start importing Assets/CurvedPoly/Editor/Info/Docs/Composition/UV Sphere.asset using Guid(7f7a413aa1c39db469254456b5db0ed4) Importer(2089858483,b0f066a214c2f5e87bad3c948f4d605d) (ScriptedImporter) -> (Import Result ID: '7a15cf6682acef91126bb931e73b686e') in 0.0259249 seconds [static and dynamic dependencies]. Details - ImportResultOutputID=978f78015da61c17355c03cc8b535cee DependenciesID=dca92ca125fe93c3d4f3cf3c3a5cb78d StaticDependenciesID=b017d1fdb0039630d34603f3d76905e2 
Number of updated asset objects reloaded before import = 0Number of asset objects unloaded after import = 1

========================================================================
Received Import Request.
  Time since last request: 0.000065 seconds.
  path: Assets/CurvedPoly/Editor/Info/Docs/CurvesAndSurfaces/CurvedTubeGenerator.asset
  importAddress: Guid(1cf716b8a3941a94a9e53c799dd4240b) Importer(2089858483,b0f066a214c2f5e87bad3c948f4d605d)
Start importing Assets/CurvedPoly/Editor/Info/Docs/CurvesAndSurfaces/CurvedTubeGenerator.asset using Guid(1cf716b8a3941a94a9e53c799dd4240b) Importer(2089858483,b0f066a214c2f5e87bad3c948f4d605d) (ScriptedImporter) -> (Import Result ID: '6ae3842f76b122b53d4e419b65d75f21') in 0.0290759 seconds [static and dynamic dependencies]. Details - ImportResultOutputID=c3e59d39ffd86493d91817708def6245 DependenciesID=7ea2ff2d59084570ca2643267b41eef9 StaticDependenciesID=17c2ea2539aab4166c33277bae6f67a8 
Number of updated asset objects reloaded before import = 0Number of asset objects unloaded after import = 1

========================================================================
Received Import Request.
  Time since last request: 0.000046 seconds.
  path: Assets/CurvedPoly/Editor/Info/Docs/CurvesAndSurfaces/FreePathGeneration.asset
  importAddress: Guid(8e22c70ced87172409a8102601d7637d) Importer(2089858483,b0f066a214c2f5e87bad3c948f4d605d)
Start importing Assets/CurvedPoly/Editor/Info/Docs/CurvesAndSurfaces/FreePathGeneration.asset using Guid(8e22c70ced87172409a8102601d7637d) Importer(2089858483,b0f066a214c2f5e87bad3c948f4d605d) (ScriptedImporter) -> (Import Result ID: 'b30d63f46f6ede5dfe0f38686bd04ff0') in 0.0273136 seconds [static and dynamic dependencies]. Details - ImportResultOutputID=b24bcfcd5e6cb6afd7f13aee3a087ec5 DependenciesID=82d015c552ad15a328b778464a6fbdf8 StaticDependenciesID=2c9d64c6d51365abaceb60ded88a7f32 
Number of updated asset objects reloaded before import = 0Number of asset objects unloaded after import = 1

========================================================================
Received Import Request.
  Time since last request: 0.000044 seconds.
  path: Assets/CurvedPoly/Editor/Info/Docs/EditTools/Put Lines.asset
  importAddress: Guid(df2273abb49229844b861c30a459ea2a) Importer(2089858483,b0f066a214c2f5e87bad3c948f4d605d)
Start importing Assets/CurvedPoly/Editor/Info/Docs/EditTools/Put Lines.asset using Guid(df2273abb49229844b861c30a459ea2a) Importer(2089858483,b0f066a214c2f5e87bad3c948f4d605d) (ScriptedImporter) -> (Import Result ID: 'b06aeacaa7b3afbb80ced939de25e455') in 0.0294875 seconds [static and dynamic dependencies]. Details - ImportResultOutputID=1c0f49c2781596e8d0fff6515e4bd4b5 DependenciesID=e584a7dfabf2236fd7211d2b29483bd2 StaticDependenciesID=4122fd69f06ab4f19c6b8fe762da726f 
Number of updated asset objects reloaded before import = 0Number of asset objects unloaded after import = 1

========================================================================
Received Import Request.
  Time since last request: 0.000056 seconds.
  path: Assets/CurvedPoly/Editor/Info/Docs/CurvesAndSurfaces/LoftSurfaceGenerator.asset
  importAddress: Guid(32891a0a2601062468235c334397824d) Importer(2089858483,b0f066a214c2f5e87bad3c948f4d605d)
Start importing Assets/CurvedPoly/Editor/Info/Docs/CurvesAndSurfaces/LoftSurfaceGenerator.asset using Guid(32891a0a2601062468235c334397824d) Importer(2089858483,b0f066a214c2f5e87bad3c948f4d605d) (ScriptedImporter) -> (Import Result ID: '16db092f189a8cdf335b051f28c2090b') in 0.0289226 seconds [static and dynamic dependencies]. Details - ImportResultOutputID=0212a406a156606dc1c0b88c76b6cf01 DependenciesID=5efaa152f4fbf1298ebe688cbadc5be9 StaticDependenciesID=b26733605c7d3e4922c9250f356b0dc7 
Number of updated asset objects reloaded before import = 0Number of asset objects unloaded after import = 1

========================================================================
Received Import Request.
  Time since last request: 0.000056 seconds.
  path: Assets/CurvedPoly/Editor/Info/Docs/CurvesAndSurfaces/RevolutionSurfaceUpdate.asset
  importAddress: Guid(e9bd208ead6b15142850129daf00f5d5) Importer(2089858483,b0f066a214c2f5e87bad3c948f4d605d)
Start importing Assets/CurvedPoly/Editor/Info/Docs/CurvesAndSurfaces/RevolutionSurfaceUpdate.asset using Guid(e9bd208ead6b15142850129daf00f5d5) Importer(2089858483,b0f066a214c2f5e87bad3c948f4d605d) (ScriptedImporter) -> (Import Result ID: '3772fe1368c5b2f5335c4737d864c44b') in 0.0289961 seconds [static and dynamic dependencies]. Details - ImportResultOutputID=b9a65170b85fe9a56b0ff432a178ed78 DependenciesID=9d39cff324006f85827b607f66824c9b StaticDependenciesID=7bc7de45cb52845e845d9350514a7de3 
Number of updated asset objects reloaded before import = 0Number of asset objects unloaded after import = 1

========================================================================
Received Import Request.
  Time since last request: 0.000055 seconds.
  path: Assets/CurvedPoly/Editor/Info/Docs/Intro/What's a Curved Poly.asset
  importAddress: Guid(1015191009e9c5b4994764a7a05ef1a0) Importer(2089858483,b0f066a214c2f5e87bad3c948f4d605d)
Start importing Assets/CurvedPoly/Editor/Info/Docs/Intro/What's a Curved Poly.asset using Guid(1015191009e9c5b4994764a7a05ef1a0) Importer(2089858483,b0f066a214c2f5e87bad3c948f4d605d) (ScriptedImporter) -> (Import Result ID: '3874c9c23a7bf767f1bdcafb5d8d2d48') in 0.0260437 seconds [static and dynamic dependencies]. Details - ImportResultOutputID=bf6ca20978da75bf49fde21a2dff06a4 DependenciesID=14ae5bc5b29b4915f1d8638c78c09c56 StaticDependenciesID=62da334c1d8807913ffb153af679e928 
Number of updated asset objects reloaded before import = 0Number of asset objects unloaded after import = 1

========================================================================
Received Import Request.
  Time since last request: 0.000059 seconds.
  path: Assets/CurvedPoly/Editor/Info/Docs/Intro/Tools Sets.asset
  importAddress: Guid(495d18381d6d44f46b829fce2bd2fd84) Importer(2089858483,b0f066a214c2f5e87bad3c948f4d605d)
Start importing Assets/CurvedPoly/Editor/Info/Docs/Intro/Tools Sets.asset using Guid(495d18381d6d44f46b829fce2bd2fd84) Importer(2089858483,b0f066a214c2f5e87bad3c948f4d605d) (ScriptedImporter) -> (Import Result ID: 'a2811f263919d43996ff49ce8d74fbc0') in 0.0271152 seconds [static and dynamic dependencies]. Details - ImportResultOutputID=417096392de7383b3cdad70a3f3ff544 DependenciesID=0100742618119fcdbe44135a1090eafc StaticDependenciesID=f16e72d89f6062a84e47328b31e89592 
Number of updated asset objects reloaded before import = 0Number of asset objects unloaded after import = 1

========================================================================
Received Import Request.
  Time since last request: 0.000038 seconds.
  path: Assets/CurvedPoly/Editor/Info/Docs/EditTools/Selection Inspector.asset
  importAddress: Guid(b22f54c7112e2444ab1987fcb339a809) Importer(2089858483,b0f066a214c2f5e87bad3c948f4d605d)
Start importing Assets/CurvedPoly/Editor/Info/Docs/EditTools/Selection Inspector.asset using Guid(b22f54c7112e2444ab1987fcb339a809) Importer(2089858483,b0f066a214c2f5e87bad3c948f4d605d) (ScriptedImporter) -> (Import Result ID: 'e376255159fb68e5c6b612eef2767b43') in 0.0287635 seconds [static and dynamic dependencies]. Details - ImportResultOutputID=86bfcd3e6559397947d81b98245e8331 DependenciesID=3104723717db2adc724bc74f66e5960f StaticDependenciesID=246e07cb4256be30cb7687b55f3f76a9 
Number of updated asset objects reloaded before import = 0Number of asset objects unloaded after import = 1

========================================================================
Received Import Request.
  Time since last request: 0.000052 seconds.
  path: Assets/CurvedPoly/Editor/Info/Docs/Materials/UV Panel.asset
  importAddress: Guid(89b8e01333ca2c54db2d9117d7059923) Importer(2089858483,b0f066a214c2f5e87bad3c948f4d605d)
Start importing Assets/CurvedPoly/Editor/Info/Docs/Materials/UV Panel.asset using Guid(89b8e01333ca2c54db2d9117d7059923) Importer(2089858483,b0f066a214c2f5e87bad3c948f4d605d) (ScriptedImporter) -> (Import Result ID: '1c8ce5079f8195346d710de4e9da990c') in 0.0294825 seconds [static and dynamic dependencies]. Details - ImportResultOutputID=e29598711760e826bd28788a5329e290 DependenciesID=9f164850d75a3d152a5c65b506803419 StaticDependenciesID=08239dd88f8e39a33bd87ae238671b7c 
Number of updated asset objects reloaded before import = 0Number of asset objects unloaded after import = 1

========================================================================
Received Import Request.
  Time since last request: 0.000072 seconds.
  path: Assets/CurvedPoly/Editor/Info/Docs/Materials/UV Handles Controls.asset
  importAddress: Guid(f9ea20ecb2007de4c80b693ba52cc768) Importer(2089858483,b0f066a214c2f5e87bad3c948f4d605d)
Start importing Assets/CurvedPoly/Editor/Info/Docs/Materials/UV Handles Controls.asset using Guid(f9ea20ecb2007de4c80b693ba52cc768) Importer(2089858483,b0f066a214c2f5e87bad3c948f4d605d) (ScriptedImporter) -> (Import Result ID: '885f06103175d92ece305939108e38d1') in 0.0273221 seconds [static and dynamic dependencies]. Details - ImportResultOutputID=e2ce9cc156a27b30d3f8baa44fae9e05 DependenciesID=042691f5b37975d826d061b31d365292 StaticDependenciesID=163dc6d4f6beae3183cedface08d3720 
Number of updated asset objects reloaded before import = 0Number of asset objects unloaded after import = 1

========================================================================
Received Import Request.
  Time since last request: 0.000043 seconds.
  path: Assets/CurvedPoly/Editor/Info/Docs/Materials/UV Tools.asset
  importAddress: Guid(e4cc2803ac22898489d695792f218669) Importer(2089858483,b0f066a214c2f5e87bad3c948f4d605d)
Start importing Assets/CurvedPoly/Editor/Info/Docs/Materials/UV Tools.asset using Guid(e4cc2803ac22898489d695792f218669) Importer(2089858483,b0f066a214c2f5e87bad3c948f4d605d) (ScriptedImporter) -> (Import Result ID: '5d9f8c162b2cb6dcc9a6cd61bb1f6cd6') in 0.0299158 seconds [static and dynamic dependencies]. Details - ImportResultOutputID=b29a14f2f0d7065f85093f158e3b9f84 DependenciesID=b2f11c5ed3e14f26caacf3a20d92902f StaticDependenciesID=b08257eeab3483f9e21d9a0b07b1c10c 
Number of updated asset objects reloaded before import = 0Number of asset objects unloaded after import = 1

========================================================================
Received Import Request.
  Time since last request: 0.000043 seconds.
  path: Assets/CurvedPoly/Editor/Info/Tools/Pointing Tools/EdgesNormalSettings.asset
  importAddress: Guid(4098acb0b3f00264f8d1769216dd76f9) Importer(2089858483,b0f066a214c2f5e87bad3c948f4d605d)
Start importing Assets/CurvedPoly/Editor/Info/Tools/Pointing Tools/EdgesNormalSettings.asset using Guid(4098acb0b3f00264f8d1769216dd76f9) Importer(2089858483,b0f066a214c2f5e87bad3c948f4d605d) (ScriptedImporter) -> (Import Result ID: '72d77189be324d852552bd3a3e931a56') in 0.032912 seconds [static and dynamic dependencies]. Details - ImportResultOutputID=7eebb6a8fee633f6e467812a0faba133 DependenciesID=67265d91c8c3e378f0b401ef4da6c30e StaticDependenciesID=1c20e691a6983a36cd3c18aa8a63f72f 
Number of updated asset objects reloaded before import = 0Number of asset objects unloaded after import = 1

========================================================================
Received Import Request.
  Time since last request: 0.000058 seconds.
  path: Assets/CurvedPoly/Editor/Info/Tools/Hiding Tools/Hiding Tools.asset
  importAddress: Guid(9cafeda6b34fc7e4a95b2bc10e3092d3) Importer(2089858483,b0f066a214c2f5e87bad3c948f4d605d)
Start importing Assets/CurvedPoly/Editor/Info/Tools/Hiding Tools/Hiding Tools.asset using Guid(9cafeda6b34fc7e4a95b2bc10e3092d3) Importer(2089858483,b0f066a214c2f5e87bad3c948f4d605d) (ScriptedImporter) -> (Import Result ID: '3572c4d035a5706182e175213314acb1') in 0.0332332 seconds [static and dynamic dependencies]. Details - ImportResultOutputID=c46600cfcb1b5bf8946f96bfc7199f65 DependenciesID=d6a53273af7bf0e335696039907e31f5 StaticDependenciesID=ebb5879835acf9ef95f995872a9cc7cc 
Number of updated asset objects reloaded before import = 0Number of asset objects unloaded after import = 1

========================================================================
Received Import Request.
  Time since last request: 0.000039 seconds.
  path: Assets/CurvedPoly/Editor/Info/Docs/Materials/UV Layers.asset
  importAddress: Guid(e7d6f41aa4a145d4790680b34840be0e) Importer(2089858483,b0f066a214c2f5e87bad3c948f4d605d)
Start importing Assets/CurvedPoly/Editor/Info/Docs/Materials/UV Layers.asset using Guid(e7d6f41aa4a145d4790680b34840be0e) Importer(2089858483,b0f066a214c2f5e87bad3c948f4d605d) (ScriptedImporter) -> (Import Result ID: 'fc7d78bab9693db9dfdfa22000dd646a') in 0.0304657 seconds [static and dynamic dependencies]. Details - ImportResultOutputID=88b0f92cc83bd949943cea872b309ca5 DependenciesID=6519c0a553b9af27c3d00c21a7073d15 StaticDependenciesID=a7933c8b705a8c43f98cd0a06ae812c0 
Number of updated asset objects reloaded before import = 0Number of asset objects unloaded after import = 1

========================================================================
Received Import Request.
  Time since last request: 0.000049 seconds.
  path: Assets/CurvedPoly/Editor/Info/Tools/Tessellation Tools/TessellationTool.asset
  importAddress: Guid(38a54773c922d40418c354b078c50813) Importer(2089858483,b0f066a214c2f5e87bad3c948f4d605d)
Start importing Assets/CurvedPoly/Editor/Info/Tools/Tessellation Tools/TessellationTool.asset using Guid(38a54773c922d40418c354b078c50813) Importer(2089858483,b0f066a214c2f5e87bad3c948f4d605d) (ScriptedImporter) -> (Import Result ID: '71560fbde25118002348a1d1090f30d7') in 0.0667269 seconds [static and dynamic dependencies]. Details - ImportResultOutputID=3d989964b57db8de42506fbf09860491 DependenciesID=7f47372cb0df78d2a9bf698c30720d7f StaticDependenciesID=2fa7303ab936f03ac6a30e4025ca97a7 
Number of updated asset objects reloaded before import = 0Number of asset objects unloaded after import = 1

========================================================================
Received Import Request.
  Time since last request: 0.000051 seconds.
  path: Assets/CurvedPoly/Editor/Info/Tools/Pointing Tools/EditVertices.asset
  importAddress: Guid(4b100e91ca0678c4f84537bb4a736726) Importer(2089858483,b0f066a214c2f5e87bad3c948f4d605d)
Start importing Assets/CurvedPoly/Editor/Info/Tools/Pointing Tools/EditVertices.asset using Guid(4b100e91ca0678c4f84537bb4a736726) Importer(2089858483,b0f066a214c2f5e87bad3c948f4d605d) (ScriptedImporter) -> (Import Result ID: 'fa9a76a03b4c5d1c7068eb49648cd825') in 0.0307379 seconds [static and dynamic dependencies]. Details - ImportResultOutputID=c73cfc5c6093783174d68aabbd4f2849 DependenciesID=077b9899b09d0cda74554e90767a07c7 StaticDependenciesID=4700328607e37fea016773c8e72a62dc 
Number of updated asset objects reloaded before import = 0Number of asset objects unloaded after import = 1

========================================================================
Received Import Request.
  Time since last request: 0.000068 seconds.
  path: Assets/TextMesh Pro/Shaders/TMP_SDF-HDRP LIT.shadergraph
  importAddress: Guid(ca2ed216f98028c4dae6c5224a952b3c) Importer(2089858483,b0f066a214c2f5e87bad3c948f4d605d)
Start importing Assets/TextMesh Pro/Shaders/TMP_SDF-HDRP LIT.shadergraph using Guid(ca2ed216f98028c4dae6c5224a952b3c) Importer(2089858483,b0f066a214c2f5e87bad3c948f4d605d) (ScriptedImporter) -> (Import Result ID: 'fdefbbf45fe5f57755f2a20fb816f523') in 0.0505855 seconds [static and dynamic dependencies]. Details - ImportResultOutputID=63f0541b1a6e5ecdd543e50e5c4ec46e DependenciesID=76e12806a6065d62b500afd134e4cc95 StaticDependenciesID=d2e47b0202b7793cc774999f519fc45b 
Number of updated asset objects reloaded before import = 0Number of asset objects unloaded after import = 3

========================================================================
Received Import Request.
  Time since last request: 0.000131 seconds.
  path: Assets/TextMesh Pro/Examples & Extras/Scenes/23 - Animating Vertex Attributes.unity
  importAddress: Guid(54e994244b4b467e8583cf2da6dcc716) Importer(2089858483,b0f066a214c2f5e87bad3c948f4d605d)
Start importing Assets/TextMesh Pro/Examples & Extras/Scenes/23 - Animating Vertex Attributes.unity using Guid(54e994244b4b467e8583cf2da6dcc716) Importer(2089858483,b0f066a214c2f5e87bad3c948f4d605d) (ScriptedImporter) -> (Import Result ID: '2915a728dc6c02ad5650fb0f3e48cd11') in 0.0726048 seconds [static and dynamic dependencies]. Details - ImportResultOutputID=67323295b9ede66a3aa906f76357a2d4 DependenciesID=f6c1577a8a595131772c0e5edd0830f9 StaticDependenciesID=aa55b32ef9dec03eb78d278785cb46bf 
Number of updated asset objects reloaded before import = 0Number of asset objects unloaded after import = 1

========================================================================
Received Import Request.
  Time since last request: 0.000069 seconds.
  path: Assets/CurvedPoly/Editor/Materials/EditMaterial0000.mat
  importAddress: Guid(579937021db246848842fbc490ab3ea3) Importer(2089858483,b0f066a214c2f5e87bad3c948f4d605d)
Start importing Assets/CurvedPoly/Editor/Materials/EditMaterial0000.mat using Guid(579937021db246848842fbc490ab3ea3) Importer(2089858483,b0f066a214c2f5e87bad3c948f4d605d) (ScriptedImporter) -> (Import Result ID: 'd27e15eafa94d60148f21dc737e926b1') in 0.0339116 seconds [static and dynamic dependencies]. Details - ImportResultOutputID=d3ee4e40f5c9847329e933b6156421cb DependenciesID=15ce3dcb5f4e8f0fe15d3c7339a5e6e8 StaticDependenciesID=69e691ca6b4a2fea7a4c857b70a1bff8 
Number of updated asset objects reloaded before import = 0Number of asset objects unloaded after import = 2

========================================================================
Received Import Request.
  Time since last request: 0.000067 seconds.
  path: Assets/TextMesh Pro/Shaders/TMP_Sprite.shader
  importAddress: Guid(cf81c85f95fe47e1a27f6ae460cf182c) Importer(2089858483,b0f066a214c2f5e87bad3c948f4d605d)
Start importing Assets/TextMesh Pro/Shaders/TMP_Sprite.shader using Guid(cf81c85f95fe47e1a27f6ae460cf182c) Importer(2089858483,b0f066a214c2f5e87bad3c948f4d605d) (ScriptedImporter) -> (Import Result ID: '5a12693a5f43162e0a5145d1b5441d63') in 0.0363607 seconds [static and dynamic dependencies]. Details - ImportResultOutputID=5762dd8a79c3cb969bfaf81110cddcb5 DependenciesID=fd25dbe7ec0306ade7312a98820a00f3 StaticDependenciesID=a81e5bd42182df2690e5bdad867634f4 
Number of updated asset objects reloaded before import = 0Number of asset objects unloaded after import = 1

========================================================================
Received Import Request.
  Time since last request: 0.000057 seconds.
  path: Assets/CurvedPoly/Editor/Materials/EditMaterial0001RP.mat
  importAddress: Guid(84ddedc73f439974383b2efdb7ad7105) Importer(2089858483,b0f066a214c2f5e87bad3c948f4d605d)
Start importing Assets/CurvedPoly/Editor/Materials/EditMaterial0001RP.mat using Guid(84ddedc73f439974383b2efdb7ad7105) Importer(2089858483,b0f066a214c2f5e87bad3c948f4d605d) (ScriptedImporter) -> (Import Result ID: 'c5c12be5da3020f6642e0efb55c4d56d') in 0.0414993 seconds [static and dynamic dependencies]. Details - ImportResultOutputID=faad8059cf02d4b5ce7c06c7778b42b7 DependenciesID=e51ef0437dfbbdbc26cc69b7250bdb50 StaticDependenciesID=8ce33e824bcb121ed0198ff23083519f 
Number of updated asset objects reloaded before import = 0Number of asset objects unloaded after import = 6

========================================================================
Received Import Request.
  Time since last request: 0.000070 seconds.
  path: Assets/CurvedPoly/Editor/Icons/shapecontrol/ShapeControlOperationIconsDB.asset
  importAddress: Guid(d27607de1d90d984d964900fee5d2b24) Importer(2089858483,b0f066a214c2f5e87bad3c948f4d605d)
Start importing Assets/CurvedPoly/Editor/Icons/shapecontrol/ShapeControlOperationIconsDB.asset using Guid(d27607de1d90d984d964900fee5d2b24) Importer(2089858483,b0f066a214c2f5e87bad3c948f4d605d) (ScriptedImporter) -> (Import Result ID: '48a3457fdda3e17c48b40e00f5064ebb') in 0.0321129 seconds [static and dynamic dependencies]. Details - ImportResultOutputID=4eaec9edda5e63173ce849a5b7224019 DependenciesID=25ab422bad5625cfd3d0b6241991df05 StaticDependenciesID=dfe50b253dcf3deb9a9109a875befb82 
Number of updated asset objects reloaded before import = 0Number of asset objects unloaded after import = 1

========================================================================
Received Import Request.
  Time since last request: 0.000036 seconds.
  path: Assets/CurvedPoly/Editor/Icons/edit/breakalignments.png
  importAddress: Guid(cb8fc2e0cb946ab42b01f58ba49470a9) Importer(2089858483,b0f066a214c2f5e87bad3c948f4d605d)
Start importing Assets/CurvedPoly/Editor/Icons/edit/breakalignments.png using Guid(cb8fc2e0cb946ab42b01f58ba49470a9) Importer(2089858483,b0f066a214c2f5e87bad3c948f4d605d) (ScriptedImporter) -> (Import Result ID: 'e4a8798a9153566ace43d98072130cd7') in 0.0434377 seconds [static and dynamic dependencies]. Details - ImportResultOutputID=5b6d62a997d9ad4d19bf4d418512fe2a DependenciesID=82684fa8f011ebcb564bc56ee83394dd StaticDependenciesID=eb438ae05639e789b78cfef1dff50f80 
Number of updated asset objects reloaded before import = 0Number of asset objects unloaded after import = 2

========================================================================
Received Import Request.
  Time since last request: 0.000059 seconds.
  path: Assets/TextMesh Pro/Shaders/TMP_Bitmap-Mobile.shader
  importAddress: Guid(1e3b057af24249748ff873be7fafee47) Importer(2089858483,b0f066a214c2f5e87bad3c948f4d605d)
Start importing Assets/TextMesh Pro/Shaders/TMP_Bitmap-Mobile.shader using Guid(1e3b057af24249748ff873be7fafee47) Importer(2089858483,b0f066a214c2f5e87bad3c948f4d605d) (ScriptedImporter) -> (Import Result ID: 'bd142a286e7f09426b4adcbd62b8a0b7') in 0.0301248 seconds [static and dynamic dependencies]. Details - ImportResultOutputID=e9837b773ba69a00e8e1cb568ba8674c DependenciesID=bb78558fe1c79297f1713e000b39bc75 StaticDependenciesID=ba05bf65226584121c1346f54df493db 
Number of updated asset objects reloaded before import = 0Number of asset objects unloaded after import = 1

========================================================================
Received Import Request.
  Time since last request: 0.000057 seconds.
  path: Assets/CurvedPoly/Editor/Icons/elasticities/proportionaledge.png
  importAddress: Guid(88466a711259a7d479fab112920fe6bd) Importer(2089858483,b0f066a214c2f5e87bad3c948f4d605d)
Start importing Assets/CurvedPoly/Editor/Icons/elasticities/proportionaledge.png using Guid(88466a711259a7d479fab112920fe6bd) Importer(2089858483,b0f066a214c2f5e87bad3c948f4d605d) (ScriptedImporter) -> (Import Result ID: '9ca8eea4aa2f7c3bd6626f95027a9ab3') in 0.0406365 seconds [static and dynamic dependencies]. Details - ImportResultOutputID=a8db46675ccd0c9009fff3eea3d422d6 DependenciesID=b3a4d44e724d8360b00b33618a9a4bd1 StaticDependenciesID=6a1659a208011422638e981c43894889 
Number of updated asset objects reloaded before import = 0Number of asset objects unloaded after import = 2

========================================================================
Received Import Request.
  Time since last request: 0.000046 seconds.
  path: Assets/MyInstancer1.cs
  importAddress: Guid(5984816b5ddc68a47919143f1ac50190) Importer(2089858483,b0f066a214c2f5e87bad3c948f4d605d)
Start importing Assets/MyInstancer1.cs using Guid(5984816b5ddc68a47919143f1ac50190) Importer(2089858483,b0f066a214c2f5e87bad3c948f4d605d) (ScriptedImporter) -> (Import Result ID: 'db1cbe88a41b8096f4b0c6f8122d9f8d') in 0.0304699 seconds [static and dynamic dependencies]. Details - ImportResultOutputID=185e06d6d6c5f53fabce0b071280c31e DependenciesID=44cb0e93954d1ff4e8754b59b2ef4993 StaticDependenciesID=78bb8f874453d7b2ce47600d66de3e4e 
Number of updated asset objects reloaded before import = 0Number of asset objects unloaded after import = 0

========================================================================
Received Import Request.
  Time since last request: 0.000049 seconds.
  path: Assets/Outline.cs
  importAddress: Guid(5fea29bb7c508c244a1f805a5fd3fc4d) Importer(2089858483,b0f066a214c2f5e87bad3c948f4d605d)
Start importing Assets/Outline.cs using Guid(5fea29bb7c508c244a1f805a5fd3fc4d) Importer(2089858483,b0f066a214c2f5e87bad3c948f4d605d) (ScriptedImporter) -> (Import Result ID: '2bc47803972fae6bb8e5541c051bf19d') in 0.030419 seconds [static and dynamic dependencies]. Details - ImportResultOutputID=99c687affe82e029128b3b9326d4aa7d DependenciesID=2d1a565c4bfc8ef3b4aaf25896ae3ffa StaticDependenciesID=876139f8c5622b602645bf894a4f092a 
Number of updated asset objects reloaded before import = 0Number of asset objects unloaded after import = 0

========================================================================
Received Import Request.
  Time since last request: 0.000062 seconds.
  path: Assets/CurvedPoly/Editor/Icons/actions/hideInvisible.png
  importAddress: Guid(02fad99c2333d75458ad7ef7f35e856b) Importer(2089858483,b0f066a214c2f5e87bad3c948f4d605d)
Start importing Assets/CurvedPoly/Editor/Icons/actions/hideInvisible.png using Guid(02fad99c2333d75458ad7ef7f35e856b) Importer(2089858483,b0f066a214c2f5e87bad3c948f4d605d) (ScriptedImporter) -> (Import Result ID: 'e0bf68e674af8af0237fd9ee4abab330') in 0.0581055 seconds [static and dynamic dependencies]. Details - ImportResultOutputID=70b8074923ce0e5673003d7bfb1db430 DependenciesID=7aa7d6f6650f362920b1112e1aa489a7 StaticDependenciesID=5ded17a2df5f121e74a1e51859f34bd4 
Number of updated asset objects reloaded before import = 0Number of asset objects unloaded after import = 2

========================================================================
Received Import Request.
  Time since last request: 0.000037 seconds.
  path: Assets/CurvedPoly/Assets/Primitives/Unwrapped/PlateBorder4xUnwrapped.asset
  importAddress: Guid(d101c7cb952fb1e4e9396963a651fe0e) Importer(2089858483,b0f066a214c2f5e87bad3c948f4d605d)
Start importing Assets/CurvedPoly/Assets/Primitives/Unwrapped/PlateBorder4xUnwrapped.asset using Guid(d101c7cb952fb1e4e9396963a651fe0e) Importer(2089858483,b0f066a214c2f5e87bad3c948f4d605d) (ScriptedImporter) -> (Import Result ID: '7847f6af02038443d66dd9f50bac94b3') in 0.0290837 seconds [static and dynamic dependencies]. Details - ImportResultOutputID=3a17d7edfa4e3e09cb6f8f79994a2aeb DependenciesID=61e2b9d9bbecbcb302ee4ca8caf30e94 StaticDependenciesID=1329c2f38a478da38e1a3670f74260f6 
Number of updated asset objects reloaded before import = 0Number of asset objects unloaded after import = 1

========================================================================
Received Import Request.
  Time since last request: 0.000050 seconds.
  path: Assets/CurvedPoly/Assets/LoDs/LoDs.asset
  importAddress: Guid(22441a3bdd754ff40a8d90239db5cb61) Importer(2089858483,b0f066a214c2f5e87bad3c948f4d605d)
Start importing Assets/CurvedPoly/Assets/LoDs/LoDs.asset using Guid(22441a3bdd754ff40a8d90239db5cb61) Importer(2089858483,b0f066a214c2f5e87bad3c948f4d605d) (ScriptedImporter) -> (Import Result ID: '9aeaafefce6804219606f0a9ca8f7cc6') in 0.0321142 seconds [static and dynamic dependencies]. Details - ImportResultOutputID=f79bc22bd2ca5186999b19822e90a837 DependenciesID=519f85a32bf7cb6815e545fcb4bdca6f StaticDependenciesID=645d85270d1b9a0e44285e7a6c6812ba 
Number of updated asset objects reloaded before import = 0Number of asset objects unloaded after import = 1

========================================================================
Received Import Request.
  Time since last request: 0.000075 seconds.
  path: Assets/Button (Cube).prefab
  importAddress: Guid(0c929378e163b9a43bf7db515e11a262) Importer(2089858483,b0f066a214c2f5e87bad3c948f4d605d)
Start importing Assets/Button (Cube).prefab using Guid(0c929378e163b9a43bf7db515e11a262) Importer(2089858483,b0f066a214c2f5e87bad3c948f4d605d) (ScriptedImporter) -> (Import Result ID: '862c30ef07b0fda7e4ce183ba990ab3e') in 0.0548042 seconds [static and dynamic dependencies]. Details - ImportResultOutputID=8a4819ecc509f4f8f6d15bffd1ec6cac DependenciesID=9fbef26d37dcf8e94a7c3ea7d421f916 StaticDependenciesID=7ea1ef3412fa4573892858ee1ea55060 
Number of updated asset objects reloaded before import = 0Number of asset objects unloaded after import = 13

========================================================================
Received Import Request.
  Time since last request: 0.000051 seconds.
  path: Assets/AddOns/Mg3D_Food/Food_ReadMe.txt
  importAddress: Guid(61e2a7af966935b4a874d4377f5913cc) Importer(2089858483,b0f066a214c2f5e87bad3c948f4d605d)
Start importing Assets/AddOns/Mg3D_Food/Food_ReadMe.txt using Guid(61e2a7af966935b4a874d4377f5913cc) Importer(2089858483,b0f066a214c2f5e87bad3c948f4d605d) (ScriptedImporter) -> (Import Result ID: '5e6e0da7291bd6a16291ba840bfd3964') in 0.0591524 seconds [static and dynamic dependencies]. Details - ImportResultOutputID=d4e064ca10de36984d94b5375af405da DependenciesID=18e557826bf04b8b9d02ca90239040d4 StaticDependenciesID=302fd4a13a5e35e09537d9b6c9cd782c 
Number of updated asset objects reloaded before import = 0Number of asset objects unloaded after import = 1

========================================================================
Received Import Request.
  Time since last request: 0.000043 seconds.
  path: Assets/CurvedPoly/Demo/Materials/YellowChecker.mat
  importAddress: Guid(c0ded71bf6eb2ce468c9a8291b7a4be1) Importer(2089858483,b0f066a214c2f5e87bad3c948f4d605d)
Start importing Assets/CurvedPoly/Demo/Materials/YellowChecker.mat using Guid(c0ded71bf6eb2ce468c9a8291b7a4be1) Importer(2089858483,b0f066a214c2f5e87bad3c948f4d605d) (ScriptedImporter) -> (Import Result ID: 'fcccfce5d854d0142794fb3da89abe7e') in 0.0329435 seconds [static and dynamic dependencies]. Details - ImportResultOutputID=7975771b06474e9dcdc58ee40e6fba1c DependenciesID=b64e1ff88e9e3be6017ade3afd23aaf1 StaticDependenciesID=3698a4b818aef4235212b078fd0fcd1e 
Number of updated asset objects reloaded before import = 0Number of asset objects unloaded after import = 2

========================================================================
Received Import Request.
  Time since last request: 0.000059 seconds.
  path: Assets/TextMesh Pro/Examples & Extras/Textures/Gradient Vertical (Color).jpg
  importAddress: Guid(03d0538de6e24c0f819bfc9ce084dfa9) Importer(2089858483,b0f066a214c2f5e87bad3c948f4d605d)
Start importing Assets/TextMesh Pro/Examples & Extras/Textures/Gradient Vertical (Color).jpg using Guid(03d0538de6e24c0f819bfc9ce084dfa9) Importer(2089858483,b0f066a214c2f5e87bad3c948f4d605d) (ScriptedImporter) -> (Import Result ID: '40fe30cacbc0321127b28dc9ceb38480') in 0.0413122 seconds [static and dynamic dependencies]. Details - ImportResultOutputID=5b2eb75143ddf59fcdeaddf98d3e93f8 DependenciesID=9ae59bc17fe610690b8d32ce091b281f StaticDependenciesID=77a21e41cf77f67bdc28ff230c4593c0 
Number of updated asset objects reloaded before import = 0Number of asset objects unloaded after import = 1

========================================================================
Received Import Request.
  Time since last request: 0.000038 seconds.
  path: Assets/TextMesh Pro/Examples & Extras/Fonts/Electronic Highway Sign.TTF
  importAddress: Guid(8a2b9e2a607dd2143b58c44bc32410b4) Importer(2089858483,b0f066a214c2f5e87bad3c948f4d605d)
Start importing Assets/TextMesh Pro/Examples & Extras/Fonts/Electronic Highway Sign.TTF using Guid(8a2b9e2a607dd2143b58c44bc32410b4) Importer(2089858483,b0f066a214c2f5e87bad3c948f4d605d) (ScriptedImporter) -> (Import Result ID: '1589cf9596d8c4a90d53b84dc18b5fda') in 0.0399083 seconds [static and dynamic dependencies]. Details - ImportResultOutputID=23aff7a89d1b60e885dcfac0515bb23a DependenciesID=2c712c4cc6bb86c94c714d8f30eebe9a StaticDependenciesID=3d129efdb76da888b9de9110c0cf39b9 
Number of updated asset objects reloaded before import = 0Number of asset objects unloaded after import = 3

========================================================================
Received Import Request.
  Time since last request: 0.000044 seconds.
  path: Assets/CurvedPoly/Editor/Icons/general/bigbuttonactive_white.png
  importAddress: Guid(ff70ee452c3e7554e87bc08137ffa3e6) Importer(2089858483,b0f066a214c2f5e87bad3c948f4d605d)
Start importing Assets/CurvedPoly/Editor/Icons/general/bigbuttonactive_white.png using Guid(ff70ee452c3e7554e87bc08137ffa3e6) Importer(2089858483,b0f066a214c2f5e87bad3c948f4d605d) (ScriptedImporter) -> (Import Result ID: 'd660245c927fa399f6ee855261fecb41') in 0.0341029 seconds [static and dynamic dependencies]. Details - ImportResultOutputID=5f09f6c76f64e1b1e356a5ccde611737 DependenciesID=10facfd11702d562dcbc6f4d5803f843 StaticDependenciesID=4023298c736aa09d38050104228f88fe 
Number of updated asset objects reloaded before import = 0Number of asset objects unloaded after import = 2

========================================================================
Received Import Request.
  Time since last request: 0.000055 seconds.
  path: Assets/KeyTrigger 1.cs
  importAddress: Guid(7a2bd3f59cb1f0147a9e0615170daea1) Importer(2089858483,b0f066a214c2f5e87bad3c948f4d605d)
Start importing Assets/KeyTrigger 1.cs using Guid(7a2bd3f59cb1f0147a9e0615170daea1) Importer(2089858483,b0f066a214c2f5e87bad3c948f4d605d) (ScriptedImporter) -> (Import Result ID: '15a614068849bbba4401f2107b79f1c6') in 0.0248341 seconds [static and dynamic dependencies]. Details - ImportResultOutputID=98eeee1886cbcc1c8db6ce85ff76e208 DependenciesID=79a4793f3df300deafb528aad1e722a6 StaticDependenciesID=35d5a07d737c988f40fdbd2602164e99 
Number of updated asset objects reloaded before import = 0Number of asset objects unloaded after import = 0

========================================================================
Received Import Request.
  Time since last request: 0.000041 seconds.
  path: Assets/CurvedPoly/Assets/Primitives/Simple/Donut6x.asset
  importAddress: Guid(fc4f1486de262544bab939af3c4d5a84) Importer(2089858483,b0f066a214c2f5e87bad3c948f4d605d)
Start importing Assets/CurvedPoly/Assets/Primitives/Simple/Donut6x.asset using Guid(fc4f1486de262544bab939af3c4d5a84) Importer(2089858483,b0f066a214c2f5e87bad3c948f4d605d) (ScriptedImporter) -> (Import Result ID: '8a7d433f3521f7cd8a9b3336ddbf8ec9') in 0.03268 seconds [static and dynamic dependencies]. Details - ImportResultOutputID=e772954398103772cde35051bd858924 DependenciesID=b8cdcb37cc2ab1214bf4a89a1dd81d0f StaticDependenciesID=baea4d82693efd3535cf8797c312e7e1 
Number of updated asset objects reloaded before import = 0Number of asset objects unloaded after import = 1

========================================================================
Received Import Request.
  Time since last request: 0.000044 seconds.
  path: Assets/TextMesh Pro/Sprites/EmojiOne.json
  importAddress: Guid(8f05276190cf498a8153f6cbe761d4e6) Importer(2089858483,b0f066a214c2f5e87bad3c948f4d605d)
Start importing Assets/TextMesh Pro/Sprites/EmojiOne.json using Guid(8f05276190cf498a8153f6cbe761d4e6) Importer(2089858483,b0f066a214c2f5e87bad3c948f4d605d) (ScriptedImporter) -> (Import Result ID: '99beb89df4fa9c12d732aaa74e6a597c') in 0.0552326 seconds [static and dynamic dependencies]. Details - ImportResultOutputID=8e31cc9a36e047d48f8be414bdf2b87a DependenciesID=0a0831002ab3f5683cb9d41d5ed80a84 StaticDependenciesID=dc5ce949a5dc97aa99b774a84fdd9f86 
Number of updated asset objects reloaded before import = 0Number of asset objects unloaded after import = 1

========================================================================
Received Import Request.
  Time since last request: 0.000083 seconds.
  path: Assets/CurvedPoly/Assets/Primitives/ReadMe.txt
  importAddress: Guid(a11ceafc8cf9b954887df533ea2ca58d) Importer(2089858483,b0f066a214c2f5e87bad3c948f4d605d)
Start importing Assets/CurvedPoly/Assets/Primitives/ReadMe.txt using Guid(a11ceafc8cf9b954887df533ea2ca58d) Importer(2089858483,b0f066a214c2f5e87bad3c948f4d605d) (ScriptedImporter) -> (Import Result ID: '8ed61486223c6beb26adef9832359946') in 0.0270721 seconds [static and dynamic dependencies]. Details - ImportResultOutputID=678b13e2c5bdb80124694a20cc178415 DependenciesID=684f69fae093116fd8cf79bc95c24311 StaticDependenciesID=578b8616203c3c2aa8abe5517ca15542 
Number of updated asset objects reloaded before import = 0Number of asset objects unloaded after import = 1

========================================================================
Received Import Request.
  Time since last request: 0.000044 seconds.
  path: Assets/CurvedPoly/Editor/Materials/EditMaterial0004.mat
  importAddress: Guid(279c69f1f3c5ff44f9304aae9ba0357d) Importer(2089858483,b0f066a214c2f5e87bad3c948f4d605d)
Start importing Assets/CurvedPoly/Editor/Materials/EditMaterial0004.mat using Guid(279c69f1f3c5ff44f9304aae9ba0357d) Importer(2089858483,b0f066a214c2f5e87bad3c948f4d605d) (ScriptedImporter) -> (Import Result ID: '466c041f7b41ad2b9cce79a18908f61a') in 0.0324472 seconds [static and dynamic dependencies]. Details - ImportResultOutputID=5990d3146d20f529113523e8168d0315 DependenciesID=6e1c54f2d640ffb6a05e4743dc4d081f StaticDependenciesID=614c2a91cfd0f62d447a0be491786c84 
Number of updated asset objects reloaded before import = 0Number of asset objects unloaded after import = 2

========================================================================
Received Import Request.
  Time since last request: 0.000059 seconds.
  path: Assets/CurvedPoly/Assets/Libraries/READ ME - About Libraries.txt
  importAddress: Guid(2f56d3bcf2b72e942b17e17f7c1cba5c) Importer(2089858483,b0f066a214c2f5e87bad3c948f4d605d)
Start importing Assets/CurvedPoly/Assets/Libraries/READ ME - About Libraries.txt using Guid(2f56d3bcf2b72e942b17e17f7c1cba5c) Importer(2089858483,b0f066a214c2f5e87bad3c948f4d605d) (ScriptedImporter) -> (Import Result ID: '9c288e1aa2f0e8b73d1949c68005aa24') in 0.0288272 seconds [static and dynamic dependencies]. Details - ImportResultOutputID=dd3a38ae2510558782328ccad7d701f5 DependenciesID=6a54aa333e38883858a881a383f29843 StaticDependenciesID=d4810a5a3e6631f812167f086176f7b7 
Number of updated asset objects reloaded before import = 0Number of asset objects unloaded after import = 1

========================================================================
Received Import Request.
  Time since last request: 0.000064 seconds.
  path: Assets/CurvedPoly/Editor/Icons/operators/backgroundoperator.png
  importAddress: Guid(9dd80bbb022292745bc04fcd4f3f0b20) Importer(2089858483,b0f066a214c2f5e87bad3c948f4d605d)
Start importing Assets/CurvedPoly/Editor/Icons/operators/backgroundoperator.png using Guid(9dd80bbb022292745bc04fcd4f3f0b20) Importer(2089858483,b0f066a214c2f5e87bad3c948f4d605d) (ScriptedImporter) -> (Import Result ID: '69252d4c280080d0f2885c2978cac1b0') in 0.0426655 seconds [static and dynamic dependencies]. Details - ImportResultOutputID=ac48dd6a04e9722a5872fe4fe9adaf86 DependenciesID=a96f5f0ae8ca8b766b544546388d3032 StaticDependenciesID=10f5ce5d44a5db61975fb24575546187 
Number of updated asset objects reloaded before import = 0Number of asset objects unloaded after import = 2

========================================================================
Received Import Request.
  Time since last request: 0.000058 seconds.
  path: Assets/CurvedPoly/Editor/Icons/create/insert.png
  importAddress: Guid(0b2da085338809945bf564ae22cbee47) Importer(2089858483,b0f066a214c2f5e87bad3c948f4d605d)
Start importing Assets/CurvedPoly/Editor/Icons/create/insert.png using Guid(0b2da085338809945bf564ae22cbee47) Importer(2089858483,b0f066a214c2f5e87bad3c948f4d605d) (ScriptedImporter) -> (Import Result ID: 'de9a95ce5501f00577ee5f079bcbcea1') in 0.0391525 seconds [static and dynamic dependencies]. Details - ImportResultOutputID=839382530c7819e32444db376f4dddd4 DependenciesID=3a98e50900ab6f151bb2b399447edee1 StaticDependenciesID=f1075e6b49dcf037d955ea7459bed0e6 
Number of updated asset objects reloaded before import = 0Number of asset objects unloaded after import = 2

Editor requested this worker to shutdown with reason: Scaling down because of idle timeout
AssetImportWorker is now disconnected from the server
Process exiting
Exiting without the bug reporter. Application will terminate with return code 0